family,n,total_sales,mean_sales,median_sales,max_sales,zero_share,promotion_share
GROCERY I,90936,3.4346272e+08,3776.972,3185.0,124717.0,0.08062813407231459,0.625560833993138
BEVERAGES,90936,2.1695448e+08,2385.793,1784.0,25413.0,0.08061713732735111,0.5685866983372921
PRODUCE,90936,1.2270469e+08,1349.3522,398.2905,17850.615,0.2835510688836104,0.338523796956101
CLEANING,90936,9.752129e+07,1072.4167,938.0,11377.0,0.08061713732735111,0.5487375736781912
DAIRY,90936,6.4487708e+07,709.1549,520.0,5636.0,0.08061713732735111,0.5056853171461247
BREAD/BAKERY,90936,4.2133944e+07,463.33624,401.0,4551.298,0.08060614058238762,0.42772939209993843
POULTRY,90936,3.1876004e+07,350.5323,205.74301,12143.201,0.08076009501187649,0.21667986276062284
MEATS,90936,3.1086468e+07,341.84998,224.9365,89576.36,0.08061713732735111,0.23607812087622063
PERSONAL CARE,90936,2.4592052e+07,270.43253,222.0,7504.0,0.08065012756224157,0.420416556699217
DELI,90936,2.4110322e+07,265.13507,218.9715,2118.325,0.08061713732735111,0.43414049441365354
HOME CARE,90936,1.6022744e+07,176.19803,143.0,2504.0,0.4090899093868215,0.35781208762206385
EGGS,90936,1.5588296e+07,171.42052,131.0,3110.0,0.08061713732735111,0.3022015483416909
FROZEN FOODS,90936,1.4073888e+07,154.76695,83.0,14541.55,0.08091404944136536,0.3939034045922407
PREPARED FOODS,90936,8.799895e+06,96.7702,63.96,912.568,0.08083707222662093,0.19440045746459048
"LIQUOR,WINE,BEER",90936,7.74664e+06,85.18783,47.0,4821.0,0.17865311867687164,0.19702867951086478
SEAFOOD,90936,2.0154319e+06,22.16319,8.0,274.44,0.19358669833729217,0.1821720770651887
GROCERY II,90936,1.962767e+06,21.584047,12.0,2931.0,0.12112914577285123,0.045581507873669394
HOME AND KITCHEN I,90936,1.861491e+06,20.470343,12.0,1935.0,0.3464524500747779,0.16057446995689276
HOME AND KITCHEN II,90936,1.52067e+06,16.72242,9.0,1568.0,0.3471342482625143,0.20876220638690948
CELEBRATION,90936,761177.0,8.370469,3.0,1783.0,0.43633984340635174,0.03531054807776898
LINGERIE,90936,653114.0,7.182128,5.0,1059.0,0.16046450250725786,0.023401073282308435
LADIESWEAR,90936,651159.0,7.1606293,0.0,147.0,0.5984648544030967,0.005058502683205771
PLAYERS AND ELECTRONICS,90936,562608.0,6.1868567,2.0,269.0,0.44886513591976773,0.009336236474003695
AUTOMOTIVE,90936,554822.0,6.101236,5.0,255.0,0.1278481569455441,0.033584059118500924
LAWN AND GARDEN,90936,548842.0,6.0354757,1.0,712.0,0.46784551772675287,0.046538224685493096
PET SUPPLIES,90936,356584.0,3.9212632,0.0,106.0,0.546153338611771,0.03357306237353743
BEAUTY,90936,337893.0,3.715723,2.0,136.0,0.2628222046274303,0.1222508137591273
SCHOOL AND OFFICE SUPPLIES,90936,269316.0,2.9615993,0.0,1332.0,0.7408287147004486,0.04458080408199173
MAGAZINES,90936,266359.0,2.929082,0.0,79.0,0.5653866455529163,0.0017484824491950384
HARDWARE,90936,103470.0,1.1378332,1.0,49.0,0.47862232779097386,0.0014515703351807865
HOME APPLIANCES,90936,41601.0,0.45747557,0.0,15.0,0.7351763877892143,0.0006378112078824668
BABY CARE,90936,10051.0,0.11052828,0.0,116.0,0.9413103721298496,0.0005828274830650127
BOOKS,90936,6438.0,0.07079704,0.0,51.0,0.9695500131960939,0.0
