date,total_sales,n,mean_sales
2013-01,1.0327625e+07,55242,186.95240939864595
2013-02,9.65896e+06,49896,193.58185024851693
2013-03,1.1428497e+07,55242,206.88057999348322
2013-04,1.0993465e+07,53460,205.6390759446315
2013-05,1.1597704e+07,55242,209.94359364251838
2013-06,1.1689344e+07,53460,218.65589225589227
2013-07,1.1257401e+07,55242,203.78337134788748
2013-08,1.1737789e+07,55242,212.47943593642518
2013-09,1.1792933e+07,53460,220.59358398802843
2013-10,1.177562e+07,55242,213.16425907823756
2013-11,1.2356559e+07,53460,231.136531986532
2013-12,1.5803117e+07,53460,295.60637860082306
2014-01,1.891164e+07,55242,342.3416965352449
2014-02,1.2038353e+07,49896,241.26889931056598
2014-03,2.0365584e+07,55242,368.6612360160747
2014-04,1.2861251e+07,53460,240.5770856715301
2014-05,1.3379785e+07,55242,242.20312443430723
2014-06,1.3319958e+07,53460,249.15746352413018
2014-07,1.9421892e+07,55242,351.5783642880417
2014-08,1.3885176e+07,55242,251.35179754534593
2014-09,2.0022416e+07,53460,374.53078937523384
2014-10,2.0396102e+07,55242,369.21367799862423
2014-11,2.0531636e+07,53460,384.0560419004863
2014-12,2.4340454e+07,53460,455.3021698466143
2015-01,1.4896922e+07,55242,269.66659425799213
2015-02,1.3742396e+07,49896,275.42079525412856
2015-03,1.5598608e+07,55242,282.36863256218095
2015-04,1.4955068e+07,53460,279.7431350542462
2015-05,1.7730368e+07,55242,320.95811158176747
2015-06,2.161536e+07,53460,404.327721661055
2015-07,2.220962e+07,55242,402.0422866659426
2015-08,2.2963674e+07,55242,415.6922993374606
2015-09,2.3240882e+07,53460,434.7340441451553
2015-10,2.3878268e+07,55242,432.24843416241265
2015-11,2.2804954e+07,53460,426.5797605686495
2015-12,2.7243982e+07,53460,509.614328469884
2016-01,2.3977804e+07,55242,434.0502516201441
2016-02,2.1947408e+07,51678,424.6953829482565
2016-03,2.313178e+07,55242,418.73538249882336
2016-04,2.5963026e+07,53460,485.6533108866442
2016-05,2.4779432e+07,55242,448.5614568625321
2016-06,2.2209218e+07,53460,415.436176580621
2016-07,2.3462672e+07,55242,424.7252452843851
2016-08,2.2452414e+07,55242,406.4373845986749
2016-09,2.2417448e+07,53460,419.3312383090161
2016-10,2.403039e+07,55242,435.00217226023676
2016-11,2.464264e+07,53460,460.95473251028807
2016-12,2.9640288e+07,53460,554.438608305275
2017-01,2.632816e+07,55242,476.596792295717
2017-02,2.3250112e+07,49896,465.9714606381273
2017-03,2.6704018e+07,55242,483.4006371963361
2017-04,2.5895308e+07,53460,484.386606808829
2017-05,2.6911848e+07,55242,487.1628109047464
2017-06,2.5682822e+07,53460,480.4119341563786
2017-07,2.7011478e+07,55242,488.96632996632997
2017-08,1.2433323e+07,26730,465.1448933782267
