family,is_promotion,mean,size
AUTOMOTIVE,False,5.853087,87882
AUTOMOTIVE,True,13.241978,3054
BABY CARE,False,0.10962446,90883
BABY CARE,True,1.6603774,53
BEAUTY,False,3.0784526,79819
BEAUTY,True,8.2912655,11117
BEVERAGES,False,1292.2726,39231
BEVERAGES,True,3215.4983,51705
BOOKS,False,0.07079704,90936
BREAD/BAKERY,False,379.51324,52040
BREAD/BAKERY,True,575.4853,38896
CELEBRATION,False,7.945922,87725
CELEBRATION,True,19.969168,3211
CLEANING,False,868.3783,41036
CLEANING,True,1240.2107,49900
DAIRY,False,479.81113,44951
DAIRY,True,933.34174,45985
DELI,False,221.76338,51457
DELI,True,321.6658,39479
EGGS,False,154.70393,63455
EGGS,True,210.01994,27481
FROZEN FOODS,False,106.524345,55116
FROZEN FOODS,True,228.99753,35820
GROCERY I,False,2717.7207,34050
GROCERY I,True,4411.0034,56886
GROCERY II,False,21.30275,86791
GROCERY II,True,27.474066,4145
HARDWARE,False,1.1360402,90804
HARDWARE,True,2.371212,132
HOME AND KITCHEN I,False,16.83774,76334
HOME AND KITCHEN I,True,39.460278,14602
HOME AND KITCHEN II,False,10.275239,71952
HOME AND KITCHEN II,True,41.158134,18984
HOME APPLIANCES,False,0.45687625,90878
HOME APPLIANCES,True,1.3965517,58
HOME CARE,False,101.95601,58398
HOME CARE,True,309.44485,32538
LADIESWEAR,False,7.099938,90476
LADIESWEAR,True,19.097826,460
LAWN AND GARDEN,False,5.510703,86704
LAWN AND GARDEN,True,16.786861,4232
LINGERIE,False,7.053475,88808
LINGERIE,True,12.551222,2128
"LIQUOR,WINE,BEER",False,76.47493,73019
"LIQUOR,WINE,BEER",True,120.69638,17917
MAGAZINES,False,2.9272063,90777
MAGAZINES,True,4.0,159
MEATS,False,303.0811,69468
MEATS,True,467.3016,21468
PERSONAL CARE,False,220.87897,52705
PERSONAL CARE,True,338.7467,38231
PET SUPPLIES,False,3.507379,87883
PET SUPPLIES,True,15.835244,3053
PLAYERS AND ELECTRONICS,False,6.081521,90087
PLAYERS AND ELECTRONICS,True,17.363958,849
POULTRY,False,313.3345,71232
POULTRY,True,485.0061,19704
PREPARED FOODS,False,92.481895,73258
PREPARED FOODS,True,114.54104,17678
PRODUCE,False,792.1019,60152
PRODUCE,True,2438.2202,30784
SCHOOL AND OFFICE SUPPLIES,False,1.0220183,86882
SCHOOL AND OFFICE SUPPLIES,True,44.529106,4054
SEAFOOD,False,19.20732,74370
SEAFOOD,True,35.433025,16566
