file,column,rows,nulls
train,id,3000888,0
train,date,3000888,0
train,store_nbr,3000888,0
train,family,3000888,0
train,sales,3000888,0
train,onpromotion,3000888,0
test,id,28512,0
test,date,28512,0
test,store_nbr,28512,0
test,family,28512,0
test,onpromotion,28512,0
stores,store_nbr,54,0
stores,city,54,0
stores,state,54,0
stores,type,54,0
stores,cluster,54,0
transactions,date,83488,0
transactions,store_nbr,83488,0
transactions,transactions,83488,0
oil,date,1218,0
oil,dcoilwtico,1218,43
holidays_events,date,350,0
holidays_events,type,350,0
holidays_events,locale,350,0
holidays_events,locale_name,350,0
holidays_events,description,350,0
holidays_events,transferred,350,0
