feature,gain,split_count
mean_7,43743236.75701523,2366
weekday_mean_4,26634432.8767128,710
mean_28,1912142.4211826324,1891
series_code,1386080.6100769043,10024
lag_1,987961.8408203125,1525
lag_7,741386.1053161621,488
lag_14,386808.2401237488,192
day_of_week,355897.69574928284,1802
year_cos,298497.711019516,931
lag_28,205138.1607093811,260
family_code,190692.0498123169,804
year_sin,176332.92548942566,670
month,175268.19507598877,704
promotion_log,146786.5182170868,470
store_nbr,145635.47739601135,965
day_index,77932.64481163025,366
is_holiday,66078.5282421112,268
std_28,24237.598600387573,238
is_payday,11268.984729766846,55
missing_lags,10503.673950195312,36
is_event,3789.4426040649414,21
city_code,500.0075054168701,9
cluster,155.44040298461914,4
state_code,46.43259811401367,1
type_code,0.0,0
is_promotion,0.0,0
is_work_day,0.0,0
