role,model,horizon_day,n,mae,rmse,wape,rmsle,bias_pct
test_interno,baseline_semanal,1,1782,84.90322417067625,288.1930573743127,0.17079232022843516,0.5744450902081729,-0.07822089668425454
test_interno,baseline_semanal,2,1782,162.36318600137628,525.9683818387771,0.29268899511070384,0.6301163799074492,-0.27813698335400555
test_interno,baseline_semanal,3,1782,138.0533595946769,452.3352495474989,0.25500987106728695,0.6376872745064627,-0.23225477549071624
test_interno,baseline_semanal,4,1782,75.36103996283278,256.38637667294154,0.18445156730401033,0.6026581370499472,-0.09369813355127193
test_interno,baseline_semanal,5,1782,74.99344821490021,254.39224736718623,0.16144267935212375,0.5967194702758878,0.008847802220415273
test_interno,baseline_semanal,6,1782,83.96155837194955,290.0083534634689,0.15493474244805494,0.5355003485932094,0.06898379832964456
test_interno,baseline_semanal,7,1782,89.67982090683498,355.47556998424324,0.15226339445780912,0.5643971462725083,0.07068997906455272
test_interno,baseline_semanal,8,1782,70.9685855115169,226.606453879537,0.15858504772181206,0.618779761414519,0.023950094971564872
test_interno,baseline_semanal,9,1782,62.636598992963165,198.7422110098168,0.15550801396121755,0.6409143291477282,-0.005830192799951876
test_interno,baseline_semanal,10,1782,62.28442643761769,190.4342808098429,0.1511849198473168,0.6377914141327192,0.008872110497534483
test_interno,baseline_semanal,11,1782,70.0372494444435,282.6807643208517,0.19160099216995047,0.6212786478206797,0.012992148850124029
test_interno,baseline_semanal,12,1782,99.3838740668848,314.76925705220316,0.2143123132227447,0.6706715939546334,0.010559340709408331
test_interno,baseline_semanal,13,1782,163.92115716500714,542.4922521868583,0.36852920608133927,0.6073599612291786,0.3023859413627058
test_interno,baseline_semanal,14,1782,158.80809513540515,564.4236687269516,0.3269212734331162,0.6047944583803849,0.2981757979006258
test_interno,baseline_semanal,15,1782,76.52031776265531,245.18140557382998,0.17920251165308565,0.6453446777521877,0.07312430241905916
test_interno,baseline_semanal,16,1782,70.69031496160359,240.01475180939389,0.16517166432587932,0.6679896659686486,-0.06435394352214818
test_interno,lightgbm_31,1,1782,64.48896486460737,227.1933077413871,0.12972675709246387,0.40581517586953497,-0.07346616324223332
test_interno,lightgbm_31,2,1782,134.67536474354924,461.36645136505393,0.2427766918334727,0.42045518764105777,-0.23364580623137654
test_interno,lightgbm_31,3,1782,105.99896342061096,370.6495449256743,0.1957995232750448,0.41483741418979475,-0.1762157105130738
test_interno,lightgbm_31,4,1782,61.05230558026582,216.4143856729499,0.1494299104332597,0.40846188875427347,-0.07724069525496297
test_interno,lightgbm_31,5,1782,63.54358662289824,228.35207553657682,0.1367939083244635,0.4294557458152527,-0.04042148690497736
test_interno,lightgbm_31,6,1782,63.44683088023551,188.73667309284838,0.1170787988239473,0.38101690991162696,0.0062939215174564805
test_interno,lightgbm_31,7,1782,77.04958496216972,259.8373275232942,0.13081907645749077,0.4152413080561826,0.013749671469125582
test_interno,lightgbm_31,8,1782,55.89958731259164,169.58630754030705,0.1249121517316749,0.41372519824475995,0.0023107818576541678
test_interno,lightgbm_31,9,1782,53.16856515205775,164.84545926435172,0.13200170674804637,0.428325665942151,0.01103456337553383
test_interno,lightgbm_31,10,1782,55.34854882768171,168.5650262796667,0.13434924903032344,0.41079585597680734,0.040092466546856796
test_interno,lightgbm_31,11,1782,55.48148764601793,177.33663037034336,0.1517807761493303,0.42302836336205235,-0.00271146176349929
test_interno,lightgbm_31,12,1782,86.35468283398987,274.30198780440946,0.18621604369451114,0.47987068634531105,0.0015538187284704678
test_interno,lightgbm_31,13,1782,136.0111124472537,444.21775492645634,0.305781560814447,0.48184756988715405,0.22811704657237059
test_interno,lightgbm_31,14,1782,130.5764617626282,455.22384790136175,0.2688038234035337,0.47924757155134007,0.2324563760058454
test_interno,lightgbm_31,15,1782,63.13227413729941,194.56411578899588,0.14784912586048585,0.4641170715933696,0.051515048503217524
test_interno,lightgbm_31,16,1782,58.9958511276545,203.88791539308903,0.13784693029546302,0.443911182845633,-0.04535805079350883
test_interno,lightgbm_63,1,1782,63.34189460023521,223.27136650847376,0.12741929711281294,0.4073069099968958,-0.08034630654330124
test_interno,lightgbm_63,2,1782,123.24385386626554,439.91548526802745,0.22216932686564753,0.4130717834549998,-0.2127840170621056
test_interno,lightgbm_63,3,1782,94.39611681319978,351.0446727775546,0.1743669378888104,0.4053927056507109,-0.15023707799612795
test_interno,lightgbm_63,4,1782,57.82217018187316,204.1084777594233,0.14152392164738925,0.39824835752485843,-0.05374806376780177
test_interno,lightgbm_63,5,1782,62.907268573287375,229.8547114122373,0.13542407011466526,0.425095802852735,-0.03226297990550029
test_interno,lightgbm_63,6,1782,62.363122808201204,187.7883061639142,0.11507902613886088,0.38058908838289257,0.005690902878104526
test_interno,lightgbm_63,7,1782,75.1732310393941,255.5578633549378,0.12763329826795977,0.41916909735271085,0.002634601391001393
test_interno,lightgbm_63,8,1782,52.87244655729187,159.54306802706063,0.11814776073135053,0.42378272049422067,-0.009080555795558758
test_interno,lightgbm_63,9,1782,52.487644919747616,166.5969929699889,0.1303111846779631,0.43627993708281804,0.00620147079222865
test_interno,lightgbm_63,10,1782,53.207628573826796,160.89095847111346,0.12915252690424373,0.4127458187009732,0.03369696851028037
test_interno,lightgbm_63,11,1782,54.36316325045132,173.1511169578838,0.14872137468142438,0.43015235501011073,-0.006744254668192839
test_interno,lightgbm_63,12,1782,83.4056757329604,265.74782811209275,0.17985677726959204,0.46220615948963123,0.020044827577122584
test_interno,lightgbm_63,13,1782,135.12517628363412,456.9371621502156,0.3037897901567471,0.45241624117661594,0.22398273572497285
test_interno,lightgbm_63,14,1782,126.05962829552243,441.45090529232476,0.2595055004956712,0.4598213299064631,0.22140282067951286
test_interno,lightgbm_63,15,1782,58.12662099851367,183.50154336530855,0.13612641428319106,0.45157415246396443,0.03761538128641731
test_interno,lightgbm_63,16,1782,58.69657144350592,200.13855894245881,0.13714764746504143,0.4363442014931588,-0.036409989663546714
test_interno,ridge,1,1782,63.81537929073595,186.4226242557954,0.1283717644622354,1.4718424048670362,-0.02298623497061904
test_interno,ridge,2,1782,120.33914341509141,370.47074683982197,0.2169330611580104,1.3982795835507662,-0.21236143757251574
test_interno,ridge,3,1782,101.5428823996607,333.2913075767472,0.18756832448383678,1.2023912653073792,-0.16909064328101736
test_interno,ridge,4,1782,61.159846579051845,170.0470473138887,0.14969312476503252,1.4812448288184092,-0.023726675259025293
test_interno,ridge,5,1782,65.76103581081738,201.27306565919017,0.1415675378447251,1.2501964454756105,-0.001994837477457054
test_interno,ridge,6,1782,71.2537897240567,188.45073685515797,0.13148502449702987,1.3095303946220578,0.04920336536822647
test_interno,ridge,7,1782,83.66264964407675,241.72004082261492,0.14204710597465806,1.2428393953225967,0.05393831377150199
test_interno,ridge,8,1782,83.16787646916579,242.2297178948063,0.18584535063960184,1.616825423595844,0.0852014614366899
test_interno,ridge,9,1782,79.93858500468878,228.33619698152373,0.19846369044311737,1.5830036525611713,0.08436088218819432
test_interno,ridge,10,1782,71.32672945069677,194.711453204774,0.173133582369508,1.440823412451314,0.08038795255608006
test_interno,ridge,11,1782,84.82324267343506,233.68730423428704,0.2320510526072927,1.6793624353964598,0.08237462821461794
test_interno,ridge,12,1782,127.8430319501361,278.0286000960163,0.27568190678705073,2.055174389562736,0.14346843040290078
test_interno,ridge,13,1782,157.35355922563042,432.9570849023911,0.353763865863398,1.566441629497714,0.294062265891954
test_interno,ridge,14,1782,148.6958898523975,437.5355052434657,0.30610435584765416,1.331734534723807,0.2799901240533933
test_interno,ridge,15,1782,107.02158974022443,332.93885368485434,0.25063327287846343,1.6884502372149435,0.1546423742391703
test_interno,ridge,16,1782,85.05833718110415,244.2233196145859,0.1987433091028923,1.6252642472393464,0.05364919072500372
validacion,baseline_semanal,1,5346,63.91890654843085,269.57560187041554,0.1467008104438007,0.5140452319497647,0.036260129168521456
validacion,baseline_semanal,2,5346,66.51923677103376,249.07548227256052,0.13224870436918654,0.505028174919554,0.005913118691374114
validacion,baseline_semanal,3,5346,87.41177889607705,353.1922804625918,0.17396487610826294,0.5155169079225801,-0.09368903472620346
validacion,baseline_semanal,4,5346,89.32828627977753,376.92029078848276,0.1668993555127937,0.5126554316655014,-0.08493958916895615
validacion,baseline_semanal,5,5346,86.89353333075216,298.1602492596422,0.16654364909899033,0.5253809523294479,-0.10445625732163273
validacion,baseline_semanal,6,5346,108.38220659731213,415.71169000198256,0.23308925251822202,0.5293982776038965,0.01599181076598824
validacion,baseline_semanal,7,5346,64.41020728843381,245.28647929586361,0.14241356829167287,0.5041944484089009,-0.06291908893044433
validacion,baseline_semanal,8,5346,73.2285583489761,281.8644470931821,0.16173507441715246,0.5300090729678867,-0.002783763523695302
validacion,baseline_semanal,9,5346,72.6222661793834,261.70438889898634,0.14953880488675259,0.5160689696395927,0.041838523690919005
validacion,baseline_semanal,10,5346,65.86163474146097,264.9523270587435,0.14520750270067342,0.5223489930193174,0.004019554390480059
validacion,baseline_semanal,11,5346,65.68274215121328,301.38766742459666,0.13634042023111498,0.5125085163820885,0.016617220130369214
validacion,baseline_semanal,12,5346,60.455359738773055,227.20324657692075,0.12886125499622011,0.5177164654732048,-0.0040587241089404865
validacion,baseline_semanal,13,5346,72.30881630825809,288.96923985782917,0.15568410777572658,0.5200727790288487,0.017135885405843997
validacion,baseline_semanal,14,5346,62.21002197203188,243.89315875457515,0.14217047617286993,0.5228879364182302,-0.03143341281812844
validacion,baseline_semanal,15,5346,76.01095271846394,275.9426909945908,0.1733460878711452,0.5425819634718971,0.029682854751294504
validacion,baseline_semanal,16,5346,76.05782533445654,290.8148192118063,0.1551253564492157,0.5401442292865953,0.03194177122774724
validacion,lightgbm_31,1,5346,46.78185053884766,194.39941882877048,0.10736941162955774,0.37312078075618216,0.013528652024115474
validacion,lightgbm_31,2,5346,53.852147718605885,193.4307781836378,0.10706491999897601,0.3848316852238262,-0.01287010867931055
validacion,lightgbm_31,3,5346,65.27308182365142,276.4511761894219,0.12990495944666836,0.3900382076982616,-0.07081499586945889
validacion,lightgbm_31,4,5346,69.95577328386993,293.37328936421295,0.13070410238151142,0.40387294657329126,-0.05491679019027736
validacion,lightgbm_31,5,5346,64.57389054401958,229.8221758615259,0.12376492191639038,0.4024324936126815,-0.06679598814730697
validacion,lightgbm_31,6,5346,84.50564717111399,318.92946572331886,0.18173977769125854,0.40823844190367814,0.0279858939257419
validacion,lightgbm_31,7,5346,49.22124861463647,169.93153136304218,0.1088301675476938,0.3996045056575997,-0.03339271187052351
validacion,lightgbm_31,8,5346,58.29936292093995,231.02626131593422,0.12876194770291613,0.4097476291571437,-0.022663627154686585
validacion,lightgbm_31,9,5346,60.35723686831939,199.69094735504333,0.12428349516470234,0.4111679981060494,0.026475604740372752
validacion,lightgbm_31,10,5346,54.95935413978985,198.09931901851655,0.1211708545651531,0.40617306233493017,0.003024459184557075
validacion,lightgbm_31,11,5346,59.63845227746674,207.280303103038,0.12379403446226117,0.4212120778747151,0.02038160877593378
validacion,lightgbm_31,12,5346,50.65125882795843,201.10384161985414,0.10796370756723847,0.40454996172874536,0.006484046202685231
validacion,lightgbm_31,13,5346,59.88336159976219,286.43600833904316,0.1289315493912387,0.40622867132384916,0.001190423382159484
validacion,lightgbm_31,14,5346,56.573062097320346,209.13866684208455,0.1292881584344934,0.4180250850858512,-0.02246033121818756
validacion,lightgbm_31,15,5346,61.74180514501667,227.09741606824218,0.14080471296857425,0.417355091243021,-0.007745437815726259
validacion,lightgbm_31,16,5346,68.87765379993498,264.2767123797385,0.14048088477570636,0.43381383485506464,0.008572072062967047
validacion,lightgbm_63,1,5346,45.73488146423886,192.46112346404436,0.10496650425756865,0.3721053751870851,0.005155872309768325
validacion,lightgbm_63,2,5346,53.32733011355334,195.80082089334633,0.10602151584000702,0.38176381114355956,-0.020716302179147907
validacion,lightgbm_63,3,5346,61.76375097920842,263.0884869856847,0.1229207713511229,0.3899183149830863,-0.06961204205312929
validacion,lightgbm_63,4,5346,66.07326629389524,278.0654418979785,0.12345009649617308,0.3954644631025141,-0.05077769454962406
validacion,lightgbm_63,5,5346,63.18666558898752,224.88243499166506,0.12110611064153046,0.3999826545485919,-0.06547660778427625
validacion,lightgbm_63,6,5346,87.52749480066441,332.86928526649257,0.1882386323216397,0.4176139145358575,0.036704477369154845
validacion,lightgbm_63,7,5346,48.809863379142165,169.5397658576935,0.10792057818607449,0.40103837050975655,-0.03479298804441622
validacion,lightgbm_63,8,5346,56.69076749577424,230.291447413419,0.1252091493594553,0.4141215278162173,-0.02901150514116812
validacion,lightgbm_63,9,5346,58.75317994378663,198.68371592093888,0.12098053082491636,0.40766509386349875,0.017734362775947227
validacion,lightgbm_63,10,5346,52.605456607047266,191.13103483539504,0.11598113245022879,0.4012057303672507,-0.00262964874403758
validacion,lightgbm_63,11,5346,54.988895874608815,191.67561551563122,0.11414275540337963,0.41324268713814294,0.01157411815030776
validacion,lightgbm_63,12,5346,50.08697781011368,201.94332436990317,0.10676093645737798,0.4068160605189336,-0.0009500634561766784
validacion,lightgbm_63,13,5346,59.54462117744026,292.97602557331453,0.12820222614810964,0.4105542346688002,0.0024588030868851673
validacion,lightgbm_63,14,5346,55.32109200686328,206.28317815766556,0.12642699268865115,0.4108297716989294,-0.03232753220743312
validacion,lightgbm_63,15,5346,59.073742160349376,218.77113759296984,0.13472008616092288,0.4135179922157331,-0.014930154530696422
validacion,lightgbm_63,16,5346,65.0172934725802,250.10646451689328,0.13260740470748217,0.42354635558669335,0.002548662755465505
validacion,ridge,1,5346,66.09541034966071,217.86670361277422,0.15169612229777474,1.4668420597594374,0.061151108504773496
validacion,ridge,2,5346,64.59264721551104,200.65419230894395,0.12841839925840937,1.2460022499055663,0.01122491595653571
validacion,ridge,3,5346,81.85501931920464,284.778314330734,0.16290594327836036,1.4161218886512006,-0.042424689729304146
validacion,ridge,4,5346,87.638630790029,305.36750881989565,0.1637424337355814,1.3810248288237559,-0.040887340877372856
validacion,ridge,5,5346,70.0725269829607,216.09983199535515,0.13430383019307612,1.2880369244007908,-0.0483769281053096
validacion,ridge,6,5346,88.18486861847244,307.8852715851032,0.1896523954902309,1.316349550576191,0.05814111077823971
validacion,ridge,7,5346,61.807320113981255,186.57716375535972,0.13665847968103612,1.370211550746325,0.006406595161077601
validacion,ridge,8,5346,68.00952821994515,220.61554386121114,0.15020814769163154,1.469597961252374,0.027251107787636446
validacion,ridge,9,5346,74.40886300474439,205.66428475718283,0.15321764290895126,1.282131598801994,0.05864886663045455
validacion,ridge,10,5346,81.54248810991828,232.70130786282724,0.17977964119658804,1.6200972060130425,0.06996479543708806
validacion,ridge,11,5346,84.26569095640828,241.79388199345038,0.17491382575978143,1.5776396272184312,0.07766090271446147
validacion,ridge,12,5346,70.71740300745452,223.1032746581384,0.15073491152794524,1.3842460925433675,0.04901315260172118
validacion,ridge,13,5346,83.25779380898238,295.67128711203634,0.17925774485464102,1.4814622265311443,0.051310484572306456
validacion,ridge,14,5346,83.12502894618295,254.24342730922484,0.18996818474803753,1.583143178369276,0.03608852911751446
validacion,ridge,15,5346,93.8651078131776,277.8627306723859,0.21406321911638335,1.505863491240847,0.06758711451373264
validacion,ridge,16,5346,91.71148982732161,287.3209507685399,0.18705212103279417,1.3545876777597161,0.057168342041012545
