role,model,is_promotion,n,mae,rmse,wape,rmsle,bias_pct
test_interno,baseline_semanal,False,16031,12.030841008788908,45.70423825968654,0.218348988056326,0.610575502244679,-0.015013417589239979
test_interno,baseline_semanal,True,12481,205.07576774536497,524.0020692752228,0.20581973493612182,0.6252460987631998,0.005456077551062238
test_interno,lightgbm_31,False,16031,9.777643862647514,39.665230889083304,0.17745547808541326,0.46359579430271575,-0.01998967406986148
test_interno,lightgbm_31,True,12481,168.08621635404467,424.95911416565474,0.16869599405504118,0.3882790427303696,-0.007415432459256709
test_interno,lightgbm_63,False,16031,9.246950354430146,36.920869845190076,0.1678238662635404,0.46270869759791333,-0.022387570029108062
test_interno,lightgbm_63,True,12481,161.39599904699037,415.0443265656281,0.1619815061955457,0.37483572751785477,-0.004832218842333418
test_interno,ridge,False,16031,20.75747653748091,45.58664185348171,0.3767296062886081,1.8011031187195312,-0.059633860646474184
test_interno,ridge,True,12481,189.32630178158735,423.7706517563968,0.1900131335726926,1.0251349591325234,0.05936311389026734
validacion,baseline_semanal,False,48362,10.541387733753135,30.640800519817894,0.18765871598714837,0.5925620481161465,8.11617237803559e-05
validacion,baseline_semanal,True,37174,157.60745896952915,445.3585101820069,0.15477348745452194,0.4089163542367029,-0.014046487523585182
validacion,lightgbm_31,False,48362,8.919207426338593,27.558254080116644,0.15878051880118194,0.4653003055121349,-0.0025875315971968316
validacion,lightgbm_31,True,37174,127.19415349798606,355.20501110616243,0.12490704976415558,0.3121226546732428,-0.01310828554233723
validacion,lightgbm_63,False,48362,8.576063318343882,26.475001445883798,0.1526718370667405,0.463852682947759,-0.012278423175128785
validacion,lightgbm_63,True,37174,123.80948104136594,349.84336429766387,0.12158323778579203,0.3090344220224417,-0.01635474813364296
validacion,ridge,False,48362,17.456526465626165,36.243442786106854,0.3107626267882991,1.671723767388046,-0.11064340768481004
validacion,ridge,True,37174,157.2177970947493,377.641672586839,0.15439083216852179,1.020488684670205,0.039579192300810626
