cutoff,role,model,n,mae,rmse,wape,rmsle,bias_pct
2017-06-12,validacion,baseline_semanal,28512,77.25061370740936,294.46780815650635,0.1692641793851265,0.5234994757995106,0.06216350463316415
2017-06-12,validacion,ridge,28512,83.54758617017673,266.5396805918784,0.1830615050679751,1.4119716335680412,0.07370620587831324
2017-06-12,validacion,lightgbm_31,28512,60.4990881895816,233.31123064695484,0.13255983382531683,0.4083063918360077,0.028313879799611426
2017-06-12,validacion,lightgbm_63,28512,59.11056043710219,232.70520006775635,0.12951742420165893,0.4029254156756662,0.02426504427558264
2017-06-28,validacion,baseline_semanal,28512,78.82439563234414,319.910159636658,0.16259086678221019,0.5176185597035576,-0.09109648210337673
2017-06-28,validacion,ridge,28512,79.06704991698834,264.8406455815185,0.16309138911609194,1.4428171944691892,-0.0015746141339195517
2017-06-28,validacion,lightgbm_31,28512,60.693149890439145,254.8609355600833,0.12519159543520678,0.3951224893829247,-0.04551406176103772
2017-06-28,validacion,lightgbm_63,28512,58.54235027730431,247.56557473241884,0.12075514691480806,0.3965402328984459,-0.04431886831873637
2017-07-14,validacion,baseline_semanal,28512,67.29417813615298,266.7212772838653,0.13968314775098556,0.5211689523565779,-0.005912705686611572
2017-07-14,validacion,ridge,28512,71.97595461607648,216.7568689797905,0.14940115447749774,1.4222122938518535,0.018952579988836916
2017-07-14,validacion,lightgbm_31,28512,59.77248455208927,215.4099167089409,0.12407029883388196,0.41402356984824207,-0.017657990966455747
2017-07-14,validacion,lightgbm_63,28512,58.31682912964107,212.88798761737561,0.12104878141469354,0.4121599371076974,-0.02588856205299452
2017-07-30,test_interno,baseline_semanal,28512,96.53539104383401,348.38174654466945,0.20665064328016533,0.6170404161336513,0.0040985924601905305
2017-07-30,test_interno,ridge,28512,94.54772302568561,282.4525953586914,0.2023956972946949,1.5112794462253112,0.051471535828118725
2017-07-30,test_interno,lightgbm_31,28512,79.07651077009446,282.731644503063,0.16927690085774716,0.43224427529801696,-0.008249324326076952
2017-07-30,test_interno,lightgbm_63,28512,75.84951337111941,275.9950436367756,0.16236895672294988,0.42647667757617963,-0.005996445284545104
