role,model,family,n,mae,rmse,wape,rmsle,bias_pct
test_interno,baseline_semanal,AUTOMOTIVE,864,3.832175925925926,5.164089859217602,0.518884187431437,0.705235379872151,-0.04466384579219558
test_interno,baseline_semanal,BABY CARE,864,0.27314814814814814,0.6922186552431729,1.475,0.3743940183424605,0.075
test_interno,baseline_semanal,BEAUTY,864,3.300925925925926,4.775516260631468,0.4953969081118638,0.726479576260159,-0.1872503039777662
test_interno,baseline_semanal,BEVERAGES,864,774.4942129629629,1177.303317201835,0.22265303834056419,0.30449991283616845,0.021904188018461394
test_interno,baseline_semanal,BOOKS,864,0.02199074074074074,0.15590239111558088,2.111111111111111,0.10416472330088314,0.3333333333333333
test_interno,baseline_semanal,BREAD/BAKERY,864,76.46884720413773,118.05751657393188,0.14153753376336184,0.21593596350334737,-0.02791455882565259
test_interno,baseline_semanal,CELEBRATION,864,7.180555555555555,16.862255132340636,0.576151560178306,0.7227102981243081,0.08915304606240713
test_interno,baseline_semanal,CLEANING,864,529.7974537037037,949.1569047639654,0.429709465352037,0.5140787908692684,0.1453311591815201
test_interno,baseline_semanal,DAIRY,864,115.82754629629629,185.82930675757254,0.13879373233439754,0.19937321505128994,0.00472793238599012
test_interno,baseline_semanal,DELI,864,53.0924719704522,75.67912871616701,0.1751484876132564,0.2466408324162322,-0.018777448642906393
test_interno,baseline_semanal,EGGS,864,44.46643518518518,79.6209844036571,0.22268140428565633,0.4054973209298087,-0.008897054987857114
test_interno,baseline_semanal,FROZEN FOODS,864,28.2320739030838,43.39432694684012,0.22172157013731217,0.35947619992268054,-0.010989859106369125
test_interno,baseline_semanal,GROCERY I,864,799.5934397379557,1175.8653128122808,0.17356209564382172,0.24174313489430813,-0.02260741280656598
test_interno,baseline_semanal,GROCERY II,864,18.58564814814815,34.26844596547805,0.6415245096080859,0.8776586265528556,0.3566777196276617
test_interno,baseline_semanal,HARDWARE,864,1.4456018518518519,2.174398597143417,0.9976038338658147,0.7381614967534914,0.06469648562300319
test_interno,baseline_semanal,HOME AND KITCHEN I,864,14.077546296296296,22.646564820037234,0.4501480384900074,0.6361017955665832,-0.0655440414507772
test_interno,baseline_semanal,HOME AND KITCHEN II,864,15.827546296296296,40.938908302041504,0.5104707155922207,0.6239163088557793,0.00630855948337004
test_interno,baseline_semanal,HOME APPLIANCES,864,0.35532407407407407,0.7630045386011317,1.7745664739884393,0.42803274786051115,0.23699421965317918
test_interno,baseline_semanal,HOME CARE,864,84.8113425925926,130.86845335424934,0.2909052653309143,0.334589160794824,0.10722409912145237
test_interno,baseline_semanal,LADIESWEAR,864,5.193287037037037,8.715474212040371,0.5150958558144875,0.6620152793507376,0.12202961772471588
test_interno,baseline_semanal,LAWN AND GARDEN,864,5.744212962962963,9.560298403060207,0.38449023861171366,0.5708541836253733,0.04563061667183142
test_interno,baseline_semanal,LINGERIE,864,5.190972222222222,9.447283070142834,0.6678082191780822,0.9445318273665536,-0.24136390708755212
test_interno,baseline_semanal,"LIQUOR,WINE,BEER",864,34.166666666666664,63.57275651071275,0.3510482691370063,0.6357724354897375,-0.06131452830861805
test_interno,baseline_semanal,MAGAZINES,864,3.5729166666666665,5.76316929912443,0.5022779043280182,0.7135605041616561,-0.17328343638138627
test_interno,baseline_semanal,MEATS,864,63.140027829894315,99.70385416390309,0.16990966037065228,0.26720241793444294,-0.0139147996963043
test_interno,baseline_semanal,PERSONAL CARE,864,82.35879629629629,132.93154740804115,0.2563042311557427,0.3502941041229165,-0.038662829439075605
test_interno,baseline_semanal,PET SUPPLIES,864,3.6886574074074074,5.70949906993859,0.43759439791294796,0.6673457714248543,-0.01276946313332418
test_interno,baseline_semanal,PLAYERS AND ELECTRONICS,864,4.658564814814815,6.4659900848808745,0.39914716382387944,0.632075761463296,-0.06118603728679096
test_interno,baseline_semanal,POULTRY,864,64.97005313855631,124.08243402963976,0.1734889334688047,0.2801239538883916,-0.0014840370970903443
test_interno,baseline_semanal,PREPARED FOODS,864,18.806538550942033,26.577924973468253,0.21416231783135373,0.375429618312227,-0.006406917238494651
test_interno,baseline_semanal,PRODUCE,864,264.8818884867209,427.5183006256418,0.11573209744795736,0.18051377422299902,-0.013649193053865983
test_interno,baseline_semanal,SCHOOL AND OFFICE SUPPLIES,864,51.54976851851852,146.18035299537297,0.8599092576503523,1.8122246834596267,-0.8108697750748142
test_interno,baseline_semanal,SEAFOOD,864,6.061267328483087,9.665303708016863,0.3033983856853652,0.6786827007501008,-0.046061337257641013
test_interno,lightgbm_31,AUTOMOTIVE,864,2.858620609605202,3.906170791736394,0.38706287520747445,0.5163201668279491,-0.13240746391770458
test_interno,lightgbm_31,BABY CARE,864,0.19181484006835742,0.576281714009999,1.03580013636913,0.3089580901097258,-0.631049412866389
test_interno,lightgbm_31,BEAUTY,864,2.4293243393458406,3.5753764099716085,0.36458854076685887,0.5099068419184628,-0.03634346789509033
test_interno,lightgbm_31,BEVERAGES,864,655.8150243405943,984.2127786966238,0.18853492423165097,0.2627895711279912,0.00693458550906905
test_interno,lightgbm_31,BOOKS,864,0.010421475124791902,0.11283341455063457,1.0004616119800227,0.0727284218709903,-0.999529678359977
test_interno,lightgbm_31,BREAD/BAKERY,864,65.7594257681458,103.5729023795214,0.12171527733472355,0.18681119914653432,-0.009004319529712224
test_interno,lightgbm_31,CELEBRATION,864,4.940886727499741,7.528919564750158,0.3964455918053284,0.5633236396661457,-0.04371366928847725
test_interno,lightgbm_31,CLEANING,864,330.3553103694209,552.7270599445457,0.26794542480840494,0.3470687783754838,0.028060800425844003
test_interno,lightgbm_31,DAIRY,864,98.50062310254133,150.18434689982618,0.1180312417453209,0.16344390967893838,0.03239236502161631
test_interno,lightgbm_31,DELI,864,44.831048952208626,63.41444214368023,0.14789460973799004,0.201560892632915,0.02384394386105691
test_interno,lightgbm_31,EGGS,864,38.67852305041419,78.12569376904946,0.19369638678458614,0.32591038488275637,-0.029020637114351235
test_interno,lightgbm_31,FROZEN FOODS,864,24.19058824578921,39.387420593312,0.18998162256212167,0.2891633106947091,-0.0031767167892804466
test_interno,lightgbm_31,GROCERY I,864,698.8265265005606,1036.2928324366599,0.15168933410794283,0.20796355233241987,-0.04621551443990797
test_interno,lightgbm_31,GROCERY II,864,13.290708725237184,22.974858688408816,0.45875803358255474,0.6636958374411182,0.17402723341695672
test_interno,lightgbm_31,HARDWARE,864,1.0583174183621182,1.6175115189938993,0.7303404548441454,0.554765800184248,-0.24689740881278716
test_interno,lightgbm_31,HOME AND KITCHEN I,864,10.853178667801398,17.316610137969374,0.34704464726056283,0.4858837643175482,-0.08354132971350658
test_interno,lightgbm_31,HOME AND KITCHEN II,864,11.13638443251451,25.744055635705017,0.35917115792648235,0.4786914527398879,-0.06167889257228327
test_interno,lightgbm_31,HOME APPLIANCES,864,0.23929694768832982,0.5737254692043202,1.1951015190908496,0.3262025763985099,-0.46536438450738193
test_interno,lightgbm_31,HOME CARE,864,67.59907642117253,100.512911661089,0.2318667133580253,0.2691057114410645,0.10809350096552305
test_interno,lightgbm_31,LADIESWEAR,864,4.369011625521015,7.670947329857586,0.4333401497474637,0.5241943788658752,0.1589011772584263
test_interno,lightgbm_31,LAWN AND GARDEN,864,4.700378130703386,7.744900111649329,0.31462090989523744,0.4409260610152341,0.04533151306860433
test_interno,lightgbm_31,LINGERIE,864,3.965164516260337,7.433115354388884,0.5101105035808414,0.6418768425092163,-0.1513496138600789
test_interno,lightgbm_31,"LIQUOR,WINE,BEER",864,29.674795422289108,62.48251527450673,0.3048961630240785,0.49249972767492156,-0.05463982998408306
test_interno,lightgbm_31,MAGAZINES,864,2.9058219527271603,4.857817671748646,0.4084982374155982,0.5511825549568815,-0.20788906518626651
test_interno,lightgbm_31,MEATS,864,57.28204899584806,94.14721627009783,0.15414585366418737,0.2318269943849624,-0.02935702375615509
test_interno,lightgbm_31,PERSONAL CARE,864,60.32950648113533,100.71028077297902,0.18774810305657844,0.24951954784387875,-0.041935417938449515
test_interno,lightgbm_31,PET SUPPLIES,864,2.7615529612537832,4.331775131197772,0.32760974303491264,0.4838919653163526,-0.0869512641301575
test_interno,lightgbm_31,PLAYERS AND ELECTRONICS,864,3.511801363934797,4.9388952395543955,0.3008921438357462,0.4719911838235291,-0.10189970166602337
test_interno,lightgbm_31,POULTRY,864,54.31416968946104,94.1613675962987,0.14503462620805946,0.22651085296054638,0.008063173055488723
test_interno,lightgbm_31,PREPARED FOODS,864,15.584026142402932,21.97125171125028,0.17746546770214894,0.2835744302696705,0.0015390458029746028
test_interno,lightgbm_31,PRODUCE,864,248.82932444855018,428.4870936082024,0.10871841706320624,0.15769603014591804,0.02067241534987119
test_interno,lightgbm_31,SCHOOL AND OFFICE SUPPLIES,864,44.981920344229714,130.5487599202549,0.7503500179054826,0.9378644134861585,-0.7326800730140761
test_interno,lightgbm_31,SEAFOOD,864,4.750232404705861,7.57503402750122,0.23777417578095034,0.5167896381029127,-0.020204288338211564
test_interno,lightgbm_63,AUTOMOTIVE,864,2.8817494475731142,3.934622755812436,0.39019456553881376,0.5202582695051112,-0.11688602431181773
test_interno,lightgbm_63,BABY CARE,864,0.22502169782506,0.7677119107153025,1.2151171682553241,0.33298430213748836,-0.4941371309827708
test_interno,lightgbm_63,BEAUTY,864,2.810835472386686,4.289152177749743,0.4218450318120717,0.560325400092954,-0.2799947825471017
test_interno,lightgbm_63,BEVERAGES,864,628.6703050401476,963.5430081745213,0.1807313097875554,0.2508044067757529,0.008653122775623651
test_interno,lightgbm_63,BOOKS,864,0.012071459583773128,0.11273361336821904,1.1588601200422204,0.07264961149438257,-0.8376657312236786
test_interno,lightgbm_63,BREAD/BAKERY,864,64.55930480250606,103.83836020086531,0.11949395233892626,0.183018840507735,-0.003384899967203924
test_interno,lightgbm_63,CELEBRATION,864,4.788195282634762,7.648782076861624,0.3841939751296837,0.5459853029648785,-0.08552435932772298
test_interno,lightgbm_63,CLEANING,864,307.5834660353484,522.4972309974562,0.2494755794260474,0.3184818765193058,0.03418663002606675
test_interno,lightgbm_63,DAIRY,864,92.44757209000764,141.87146499501935,0.11077799699565707,0.15369508661993012,0.04124417630086375
test_interno,lightgbm_63,DELI,864,41.94682287728345,59.36751803712937,0.13837974225849115,0.1887242761858627,0.03181202555485555
test_interno,lightgbm_63,EGGS,864,37.92117828130722,74.7371835123908,0.1899037149409632,0.3139510508098246,-0.03602280370311429
test_interno,lightgbm_63,FROZEN FOODS,864,24.38288590643141,39.95392195824241,0.19149183889967042,0.2921109329111083,-0.03673805859149337
test_interno,lightgbm_63,GROCERY I,864,674.0518706992821,1015.9807511349111,0.14631167470501744,0.19751228624525685,-0.042268772590212535
test_interno,lightgbm_63,GROCERY II,864,12.093774410240629,20.851372560826686,0.4174432140325158,0.6506996050049259,0.06974545260614128
test_interno,lightgbm_63,HARDWARE,864,1.0526096482325789,1.6585913112955717,0.7264015463841439,0.5488572935401754,-0.22053850321657584
test_interno,lightgbm_63,HOME AND KITCHEN I,864,10.819942675806859,17.78032371185466,0.34598188274970854,0.49462901104604917,-0.19344061606906238
test_interno,lightgbm_63,HOME AND KITCHEN II,864,10.985361105314007,25.830412475854526,0.35430034697044693,0.48619670201180826,-0.1650891242963015
test_interno,lightgbm_63,HOME APPLIANCES,864,0.2712537969422484,0.6275916385832743,1.3547010436884543,0.3536462332851178,-0.23366854955332517
test_interno,lightgbm_63,HOME CARE,864,65.09498010299824,100.11924009492886,0.22327759329949812,0.25447600635890244,0.10726445000242829
test_interno,lightgbm_63,LADIESWEAR,864,4.032922075353713,6.901499902795943,0.40000512835559726,0.527177349389637,0.1148781359065093
test_interno,lightgbm_63,LAWN AND GARDEN,864,4.657244344130115,7.622663615607297,0.3117337397992268,0.445571244892859,-0.021363094844299
test_interno,lightgbm_63,LINGERIE,864,3.998184859054955,8.129871781897144,0.5143585047980168,0.6461279294891157,-0.2891944165164528
test_interno,lightgbm_63,"LIQUOR,WINE,BEER",864,27.66866660118103,59.897091308774314,0.28428402496605354,0.48462269165381405,-0.11259234806820229
test_interno,lightgbm_63,MAGAZINES,864,2.8954258479471653,4.888889308937514,0.40703676092195745,0.5366683660023251,-0.23023394648497794
test_interno,lightgbm_63,MEATS,864,53.09395642413033,87.51193946524116,0.14287570680301515,0.22248784721475706,-0.025774253040106384
test_interno,lightgbm_63,PERSONAL CARE,864,55.79550882180532,95.49759960172246,0.17363810101191796,0.2295174848868419,-0.0338853978222244
test_interno,lightgbm_63,PET SUPPLIES,864,2.8052137260532013,4.3161380044246425,0.3327893257325231,0.49496871216117916,-0.0813380742405779
test_interno,lightgbm_63,PLAYERS AND ELECTRONICS,864,3.5431012264797808,4.90663679742718,0.30357392499787095,0.4747894919203618,-0.09755370572788619
test_interno,lightgbm_63,POULTRY,864,51.915410249321546,90.93388463116673,0.13862924100650328,0.21495732823182948,0.012972955961473798
test_interno,lightgbm_63,PREPARED FOODS,864,14.874656832880444,21.67394142438608,0.16938741680967606,0.2787119258098676,-0.01515386129131557
test_interno,lightgbm_63,PRODUCE,864,245.60629986833644,424.5762736682482,0.1073102143471751,0.15433115488865942,0.026058990527026708
test_interno,lightgbm_63,SCHOOL AND OFFICE SUPPLIES,864,44.77944779971948,131.38935593670163,0.7469725436616976,0.8605591802256284,-0.7344262837806584
test_interno,lightgbm_63,SEAFOOD,864,4.768701738695166,7.530348073884706,0.23869866332016618,0.5000628524805634,-0.05161188358077966
test_interno,ridge,AUTOMOTIVE,864,12.049289102907535,17.96111272898248,1.6314975372060978,1.8260945975254737,0.3923166762547627
test_interno,ridge,BABY CARE,864,8.62695425528067,18.267713940879542,46.58555297851562,1.7812216027329866,45.14805297851562
test_interno,ridge,BEAUTY,864,11.875350775542083,18.991714047854682,1.7822308615717144,1.7176274637434288,0.6822719524278189
test_interno,ridge,BEVERAGES,864,683.1482543945312,998.2820461038349,0.19639273209814012,0.2585082618079429,0.0601041812638386
test_interno,ridge,BOOKS,864,8.513719805964717,18.27500032353357,817.3171013726128,1.7994948164654194,815.7615458170573
test_interno,ridge,BREAD/BAKERY,864,89.24132020385177,126.2889832079135,0.1651783286038107,0.305347331316911,0.0484434927805554
test_interno,ridge,CELEBRATION,864,14.91751942811189,20.119202981721656,1.1969480670401813,1.9959120536052852,-0.015384625892582477
test_interno,ridge,CLEANING,864,373.8613064907215,562.053306499633,0.3032323787229612,0.3802681550678694,0.1261366866991273
test_interno,ridge,DAIRY,864,128.02093636548076,181.1073030615564,0.15340481727598893,0.2099668146908539,0.0848418394848416
test_interno,ridge,DELI,864,63.64553027682834,85.13975209162176,0.20996231589167913,0.38542122096375037,0.07763502570264219
test_interno,ridge,EGGS,864,55.53510204950968,76.92211546867065,0.27811166917316144,1.1199545965649387,-0.11211369328090653
test_interno,ridge,FROZEN FOODS,864,43.76526634560691,55.71132413310561,0.3437120349336324,1.954214064214764,-0.12486034389886096
test_interno,ridge,GROCERY I,864,705.2388513353136,988.9396645700626,0.15308121213114595,0.19873608764967515,0.040471359669754486
test_interno,ridge,GROCERY II,864,24.17132439436736,32.364341858871256,0.8343264063254924,2.01611966336935,-0.06903478565972725
test_interno,ridge,HARDWARE,864,9.255864849797002,18.101272456731586,6.387433889955759,1.6271828237313077,5.130245391553203
test_interno,ridge,HOME AND KITCHEN I,864,21.587123976813423,28.503531262994205,0.6902766512200887,2.2271249584671957,-0.3834275308491829
test_interno,ridge,HOME AND KITCHEN II,864,24.7854454252455,36.93059904497349,0.7993812702009074,2.1885439259633883,-0.25836137782072693
test_interno,ridge,HOME APPLIANCES,864,8.688354774757668,18.316504943234623,43.39155216988801,1.7777789666015213,41.946465464685694
test_interno,ridge,HOME CARE,864,89.2228055883337,125.62243178876977,0.30603670617413076,0.37601660992078123,0.18707220605264438
test_interno,ridge,LADIESWEAR,864,17.74694025958026,30.582503681418878,1.7602291796897422,1.8769104698408765,0.8399868753744367
test_interno,ridge,LAWN AND GARDEN,864,15.714952292265716,22.2640886414843,1.0518840084070018,1.8724933605909875,0.1774755028109082
test_interno,ridge,LINGERIE,864,13.86022588941786,21.870795207725546,1.7830904062622144,1.7501188578337243,0.7663962095532125
test_interno,ridge,"LIQUOR,WINE,BEER",864,41.969216134813095,66.41002627972918,0.43121621505843094,1.3324060664141049,0.0802099826686315
test_interno,ridge,MAGAZINES,864,11.58574245594166,18.23880601302584,1.6287148522508288,1.781684072802618,0.44969910641194477
test_interno,ridge,MEATS,864,80.40837183484325,114.61994936637863,0.21637873182797118,0.7337121094420441,-0.06890357203069748
test_interno,ridge,PERSONAL CARE,864,75.7069438121937,113.37387877836268,0.23560337085460684,0.3223208855481971,0.05440912365178721
test_interno,ridge,PET SUPPLIES,864,12.531387682314273,18.63846508856218,1.486628993206032,1.8265926987664893,0.33066470109383583
test_interno,ridge,PLAYERS AND ELECTRONICS,864,14.070783685754847,19.54126716553131,1.2055887648246912,1.9484993053779989,0.016210111915379563
test_interno,ridge,POULTRY,864,72.65389716625214,113.36816757174184,0.1940070312832344,0.7966413607039889,-0.03030789975746814
test_interno,ridge,PREPARED FOODS,864,33.60962411430147,40.830926280998476,0.3827347059248611,1.8679951447069592,-0.25924188860432357
test_interno,ridge,PRODUCE,864,289.64562197967814,439.9341904060844,0.1265518587919869,0.1904684154856207,0.05566833224446017
test_interno,ridge,SCHOOL AND OFFICE SUPPLIES,864,45.12714435436107,116.53246525786764,0.7527725209415574,1.5311523928252337,-0.46688688933498346
test_interno,ridge,SEAFOOD,864,19.293688346942265,28.170458293801502,0.9657508209333155,1.998870666476945,-0.025808029532100176
validacion,baseline_semanal,AUTOMOTIVE,2592,3.7731481481481484,5.2359453259932085,0.5239472838315654,0.6990477721563526,-0.0035358405657344907
validacion,baseline_semanal,BABY CARE,2592,0.29050925925925924,1.0234518570522522,1.5181451612903225,0.38263959125698005,-0.006048387096774193
validacion,baseline_semanal,BEAUTY,2592,2.6670524691358026,3.860761375047897,0.476364388092613,0.6508879796996068,-0.08510198456449834
validacion,baseline_semanal,BEVERAGES,2592,611.0682870370371,1058.2461769667843,0.17258520684217546,0.25188044915020547,-0.009325811403451423
validacion,baseline_semanal,BOOKS,2592,0.05324074074074074,0.25609845714702467,1.7468354430379747,0.16028848835663356,0.02531645569620253
validacion,baseline_semanal,BREAD/BAKERY,2592,65.77477241739814,96.78050362198964,0.11984637000053566,0.18191038114695793,-8.360627298224874e-08
validacion,baseline_semanal,CELEBRATION,2592,6.887731481481482,13.626847479230925,0.5059370306345113,0.7260460103628028,-0.006036217303822937
validacion,baseline_semanal,CLEANING,2592,327.39891975308643,747.3380238644226,0.2538868303861924,0.4012487892543787,-0.029002798799104265
validacion,baseline_semanal,DAIRY,2592,99.37268518518519,154.13052629444456,0.11104146368801787,0.15762007715816775,0.012248557953457894
validacion,baseline_semanal,DELI,2592,51.134525965761256,73.27982614690154,0.16275360504706926,0.21801506757108358,-0.006566107452953769
validacion,baseline_semanal,EGGS,2592,40.626543209876544,64.42958401461472,0.2049796682686786,0.388883664909419,-0.01971078136527235
validacion,baseline_semanal,FROZEN FOODS,2592,29.608942841674075,48.87072134609813,0.22161151125590273,0.3680431894323256,-0.02469670779471308
validacion,baseline_semanal,GROCERY I,2592,628.7134842578275,975.6258495455863,0.13793757316731128,0.19459453244185765,-0.014242851394388512
validacion,baseline_semanal,GROCERY II,2592,13.515432098765432,23.04070807060976,0.4151448717189074,0.7511032392347993,-0.11231854002488594
validacion,baseline_semanal,HARDWARE,2592,1.3445216049382716,2.030154619179972,0.9171052631578948,0.7209975363775677,-0.03710526315789474
validacion,baseline_semanal,HOME AND KITCHEN I,2592,16.12847222222222,33.62432591457971,0.4957722092430298,0.6524921601588541,-0.03148607141586519
validacion,baseline_semanal,HOME AND KITCHEN II,2592,13.996527777777779,40.3682747714674,0.46990479891198755,0.6050044168675031,0.03140988277961272
validacion,baseline_semanal,HOME APPLIANCES,2592,0.6793981481481481,1.1461489464320977,1.4340390879478828,0.5692127256020687,0.251628664495114
validacion,baseline_semanal,HOME CARE,2592,54.89158950617284,84.77899509465337,0.17483051961696267,0.24878699076170302,-0.08362998288300355
validacion,baseline_semanal,LADIESWEAR,2592,5.0378086419753085,8.337591504671204,0.42801888029369345,0.6214454132561681,0.00032778287662252526
validacion,baseline_semanal,LAWN AND GARDEN,2592,6.1342592592592595,11.855970783106567,0.364352987007035,0.5493801533609179,-0.04010174385297555
validacion,baseline_semanal,LINGERIE,2592,4.3294753086419755,6.295880977587697,0.6638665404637956,0.8756016686541531,0.010884997633696167
validacion,baseline_semanal,"LIQUOR,WINE,BEER",2592,31.015817901234566,59.71219877126252,0.31629866859714834,0.6367762322004384,-0.10964794938780649
validacion,baseline_semanal,MAGAZINES,2592,3.060185185185185,4.71412704826254,0.4972728982508934,0.6694191616706677,0.07360040122876309
validacion,baseline_semanal,MEATS,2592,55.11427892946902,88.10349390976769,0.14505984915851652,0.22383092666594623,-0.023641055740175523
validacion,baseline_semanal,PERSONAL CARE,2592,70.52662037037037,121.87898616463184,0.2306030078488658,0.3121092258160674,-0.027289378675607965
validacion,baseline_semanal,PET SUPPLIES,2592,3.7017746913580245,5.667517637629327,0.41664857353771334,0.6422843177169806,-0.02079986104476964
validacion,baseline_semanal,PLAYERS AND ELECTRONICS,2592,4.489969135802469,6.3448968509647745,0.39521852820321257,0.6512436681985163,-0.017115495636227798
validacion,baseline_semanal,POULTRY,2592,58.734735480429215,113.49124303730726,0.14964851381996572,0.24974287417989888,-0.009025997965136626
validacion,baseline_semanal,PREPARED FOODS,2592,18.825285222795273,27.53731928847618,0.20956425206628268,0.3559222459581159,-0.006975769613567668
validacion,baseline_semanal,PRODUCE,2592,218.99158261734763,367.53830827974247,0.09178149790572368,0.1560790078261795,-0.0023711243022847984
validacion,baseline_semanal,SCHOOL AND OFFICE SUPPLIES,2592,2.984182098765432,28.254649732061473,0.914843287995269,0.6646497628504587,-0.5489059727971615
validacion,baseline_semanal,SEAFOOD,2592,6.189303267701172,9.819847130293471,0.30585150172045683,0.688653106384711,-0.032765153979797526
validacion,lightgbm_31,AUTOMOTIVE,2592,2.7723674063605293,3.85642326956906,0.38497676616771087,0.506432876412988,-0.10274339359595719
validacion,lightgbm_31,BABY CARE,2592,0.2527610695019167,1.1270785532531884,1.3208804277196935,0.34826687617634694,-0.35672270638917136
validacion,lightgbm_31,BEAUTY,2592,2.1878163020393138,3.390502299151918,0.3907676305737253,0.5396170786377467,-0.02011737522559743
validacion,lightgbm_31,BEVERAGES,2592,468.18762353025835,828.3627172530531,0.13223114267590647,0.19632771833472856,-0.02605920066901698
validacion,lightgbm_31,BOOKS,2592,0.031158655771124946,0.2000217060713611,1.0223194399842512,0.12470888486679864,-0.9645931789687789
validacion,lightgbm_31,BREAD/BAKERY,2592,58.304387791657156,87.2332308215592,0.10623479147280743,0.1531407190480823,0.004656921237353557
validacion,lightgbm_31,CELEBRATION,2592,5.122948706196047,10.777699411675837,0.37630524120668096,0.5543622448450405,-0.15830975048505605
validacion,lightgbm_31,CLEANING,2592,244.1234724963153,545.6359627372977,0.1893095270494582,0.3035863879474948,-0.04663433942366952
validacion,lightgbm_31,DAIRY,2592,87.05033342337903,134.15635879873983,0.09727216709348878,0.14034657500828623,0.035185137383047585
validacion,lightgbm_31,DELI,2592,39.912074580604646,58.16822318745584,0.12703420830087275,0.17096308289326748,0.005575591837841082
validacion,lightgbm_31,EGGS,2592,36.16868509113053,62.641410092706764,0.18248771581166398,0.3080770456793532,-0.027130978729092467
validacion,lightgbm_31,FROZEN FOODS,2592,23.919514527291426,39.43448914352457,0.1790283358391213,0.288384091208208,-0.03942817019384922
validacion,lightgbm_31,GROCERY I,2592,508.12534235730584,803.5872163761559,0.1114809501379059,0.1547198671804866,-0.011423946465624828
validacion,lightgbm_31,GROCERY II,2592,11.551077428262358,21.284455039946188,0.354807047390603,0.6018134348462758,-0.19393663924897517
validacion,lightgbm_31,HARDWARE,2592,1.0519672678110286,1.6390182077072437,0.7175524100437332,0.5588644946447161,-0.354402089207908
validacion,lightgbm_31,HOME AND KITCHEN I,2592,12.116257182793852,25.108219995876986,0.3724409546363586,0.5009638672135778,-0.04459150729580823
validacion,lightgbm_31,HOME AND KITCHEN II,2592,9.708565492642883,27.169983478279182,0.3259452335591005,0.44654912750918774,-0.08835270681820356
validacion,lightgbm_31,HOME APPLIANCES,2592,0.5283078876915968,1.0158483390418171,1.1151254437268883,0.4722599103742428,-0.18165514094675225
validacion,lightgbm_31,HOME CARE,2592,45.12532441262846,70.49780640572905,0.14372482170618603,0.19796292253327472,-0.03363552157325472
validacion,lightgbm_31,LADIESWEAR,2592,3.793040834033711,6.389586495140296,0.3222617622202497,0.48705765305112453,-0.06575298698080521
validacion,lightgbm_31,LAWN AND GARDEN,2592,5.204379146303209,10.630903468535186,0.30912144520309626,0.44051487940893275,-0.10977183799049274
validacion,lightgbm_31,LINGERIE,2592,3.1189011710803953,4.654508249850066,0.4782413532560568,0.6338625407667424,-0.18236083112105464
validacion,lightgbm_31,"LIQUOR,WINE,BEER",2592,28.996933334233976,56.504238558841806,0.29571012559541116,0.5279818175761587,-0.11450684611285414
validacion,lightgbm_31,MAGAZINES,2592,2.418321612590298,3.786977066954046,0.3929715766932514,0.5207547636023141,-0.14320914623727166
validacion,lightgbm_31,MEATS,2592,58.2576284945747,99.16301563987692,0.15333309200272097,0.2017319352564492,0.012202998446826081
validacion,lightgbm_31,PERSONAL CARE,2592,51.18916657235887,87.73007880275654,0.16737475465110796,0.23129171870007698,-0.005064424236769186
validacion,lightgbm_31,PET SUPPLIES,2592,2.782527688523918,4.327822797622534,0.31318388851682644,0.4905349058099183,-0.06213583873024665
validacion,lightgbm_31,PLAYERS AND ELECTRONICS,2592,3.5330212357555424,5.150681322333751,0.3109855347939813,0.496779430157262,-0.07367482175176318
validacion,lightgbm_31,POULTRY,2592,50.84224005135489,118.11890654542873,0.12953945566841593,0.20351340086470157,-0.01298705465468843
validacion,lightgbm_31,PREPARED FOODS,2592,15.641287753243505,22.647221280056655,0.17411979317013873,0.2827841430490343,-0.014111508033682751
validacion,lightgbm_31,PRODUCE,2592,200.94763290734937,341.13995882317187,0.08421910343957219,0.13524310775931922,0.014257503199819548
validacion,lightgbm_31,SCHOOL AND OFFICE SUPPLIES,2592,2.692797766012998,27.410948384399198,0.8255152938504661,0.5418333496878058,-0.6567593986877314
validacion,lightgbm_31,SEAFOOD,2592,4.9540847761535,8.404828916683613,0.24481176683393976,0.5048458212320891,-0.07155597140489499
validacion,lightgbm_63,AUTOMOTIVE,2592,2.7963539863179183,3.887862817855776,0.3883075930856126,0.5182145685067663,-0.103433218074538
validacion,lightgbm_63,BABY CARE,2592,0.2003691565371048,0.7043614151215598,1.047090430935838,0.30182174845319654,-0.6204742341626883
validacion,lightgbm_63,BEAUTY,2592,2.266194225227121,3.2328573024007925,0.4047667745168617,0.5391591290535221,0.018767423860851017
validacion,lightgbm_63,BEVERAGES,2592,461.4425734767207,823.5811329511123,0.13032612504801563,0.19511188362466225,-0.02867822325315198
validacion,lightgbm_63,BOOKS,2592,0.030582808958536822,0.20071418489670054,1.0034258331712336,0.12516779753007393,-0.9924172977446967
validacion,lightgbm_63,BREAD/BAKERY,2592,57.02163238142744,85.29918620877366,0.10389751877896963,0.1519875062972092,0.0019105871357570424
validacion,lightgbm_63,CELEBRATION,2592,5.083368115219069,10.710560441400474,0.37339785628270544,0.5523135055442452,-0.14064271455380403
validacion,lightgbm_63,CLEANING,2592,232.80737051551725,543.4794617820394,0.18053427126547925,0.3010248021543104,-0.061861770431918296
validacion,lightgbm_63,DAIRY,2592,85.21656231232632,135.41646743643457,0.09522306649949121,0.13576855834966534,0.030290022646352686
validacion,lightgbm_63,DELI,2592,40.14750176005893,57.77857555566294,0.127783538063075,0.17018297733586515,0.003916903587456794
validacion,lightgbm_63,EGGS,2592,35.338657964526874,60.779098282593,0.1782998457242119,0.30310107827232874,-0.0330809673579919
validacion,lightgbm_63,FROZEN FOODS,2592,23.315657646567733,38.1420020183133,0.1745087001116646,0.28758435397835597,-0.03867789428240713
validacion,lightgbm_63,GROCERY I,2592,493.5340126649833,782.8727571185606,0.10827966265570882,0.1496239359555708,-0.012255374246783851
validacion,lightgbm_63,GROCERY II,2592,11.478744358606177,21.382082850037392,0.3525852388162257,0.601472685143756,-0.20279026672146067
validacion,lightgbm_63,HARDWARE,2592,1.0514757212967367,1.6290338049004318,0.7172171235792478,0.5555149320315613,-0.26601101586908804
validacion,lightgbm_63,HOME AND KITCHEN I,2592,12.567744846697208,25.36328844497469,0.38631920878810244,0.5161396793812704,-0.03255792550414201
validacion,lightgbm_63,HOME AND KITCHEN II,2592,9.793664687071685,27.236408458751704,0.32880226499436316,0.4495263534223938,-0.1182110954138538
validacion,lightgbm_63,HOME APPLIANCES,2592,0.6006785068870895,1.585071407075602,1.2678816692600454,0.5034332662661218,-0.012710766838224863
validacion,lightgbm_63,HOME CARE,2592,45.52915636551233,72.37330114944116,0.14501103241343255,0.19860829042643063,-0.0495716550361026
validacion,lightgbm_63,LADIESWEAR,2592,3.834109813255949,6.467710733680444,0.32575103697257835,0.47974548983837356,-0.058123086589529256
validacion,lightgbm_63,LAWN AND GARDEN,2592,5.094382684845547,10.41580040065262,0.3025880501184642,0.43747641893309325,-0.11199689040728436
validacion,lightgbm_63,LINGERIE,2592,3.0981751135956848,4.625830646970503,0.4750632923828689,0.6283556581415282,-0.17371368112892202
validacion,lightgbm_63,"LIQUOR,WINE,BEER",2592,27.537126349538198,54.64691215377724,0.28082304419912424,0.5047749728672729,-0.11893908583477399
validacion,lightgbm_63,MAGAZINES,2592,2.429093883506649,3.8275831155419535,0.39472204539209044,0.5306011263359718,-0.11785778660624868
validacion,lightgbm_63,MEATS,2592,53.860758945529845,92.14791133011292,0.14176060578058713,0.19505397149268094,0.007026009566691173
validacion,lightgbm_63,PERSONAL CARE,2592,50.068085888285694,87.88731650361818,0.16370912348331773,0.22981518118669272,-0.028384438763777886
validacion,lightgbm_63,PET SUPPLIES,2592,2.824142833161832,4.45574118572789,0.31786782854468143,0.49064722094077146,-0.09005375374724277
validacion,lightgbm_63,PLAYERS AND ELECTRONICS,2592,3.5426917614826334,5.16403594239145,0.31183675911851755,0.4983118495452801,-0.08324986568280554
validacion,lightgbm_63,POULTRY,2592,48.725796796289494,112.38561118576843,0.12414703183073028,0.19769139487429033,-0.014678958603598623
validacion,lightgbm_63,PREPARED FOODS,2592,15.27715888472251,22.226900741002492,0.17006628784024638,0.27734677821313747,-0.002464213316539657
validacion,lightgbm_63,PRODUCE,2592,191.67894844361294,327.3435125270589,0.08033450781480021,0.13016184902942218,0.012941935480406076
validacion,lightgbm_63,SCHOOL AND OFFICE SUPPLIES,2592,2.632238205516298,26.957485324652207,0.8069499028620041,0.5184741633744339,-0.5913240137849075
validacion,lightgbm_63,SEAFOOD,2592,4.842127180720396,8.165596670392079,0.23927925417279425,0.5008524926061755,-0.07329837638846555
validacion,ridge,AUTOMOTIVE,2592,8.6501823472388,12.460841299969303,1.2011825053060627,1.645977226658705,0.0398385973588761
validacion,ridge,BABY CARE,2592,4.6530320673813055,10.307279037031579,24.31584499728295,1.4220544094152758,23.01548828617219
validacion,ridge,BEAUTY,2592,8.35682871312271,13.675696076742017,1.4926199024541114,1.5647358186889608,0.34777445093930887
validacion,ridge,BEVERAGES,2592,516.4612378014458,853.618449684083,0.1458651536052076,0.21460361800094294,0.020367513220510055
validacion,ridge,BOOKS,2592,4.558805595209569,10.317953396047074,149.57498864282536,1.4389656628557785,148.33448231371142
validacion,ridge,BREAD/BAKERY,2592,71.44169198436502,96.55864018380008,0.13017190537261003,0.3351733786457746,-0.007738931937249973
validacion,ridge,CELEBRATION,2592,12.356769561767578,18.002963149994958,0.9076642022303274,1.9971999538900185,-0.3730549560567631
validacion,ridge,CLEANING,2592,282.0017673527753,565.6177991859668,0.2186828683811673,0.3556647728459909,0.01758399532698232
validacion,ridge,DAIRY,2592,131.4826296111684,172.8546805974278,0.1469218992559766,0.2194189344947938,0.11400567149958914
validacion,ridge,DELI,2592,66.09930101000232,84.6886753475092,0.21038426243889613,0.6397471123887758,0.0051618839211317975
validacion,ridge,EGGS,2592,51.16653452979194,70.19218333797839,0.2581587909213237,1.213164176196429,-0.12143904073550026
validacion,ridge,FROZEN FOODS,2592,45.884805459667135,57.62224297233079,0.34343006219350053,2.004803550508741,-0.17289370503483859
validacion,ridge,GROCERY I,2592,606.3167955845962,869.3054218723715,0.1330238168062302,0.182944734625496,0.05429040939042376
validacion,ridge,GROCERY II,2592,23.532693910010067,33.69210233198386,0.722838687145181,2.192771844892508,-0.4340182012860976
validacion,ridge,HARDWARE,2592,5.388472121438863,10.293392193579132,3.6755051944130344,1.3430084338282293,2.3758577848735607
validacion,ridge,HOME AND KITCHEN I,2592,31.318541874120264,44.738834839751334,0.9626989141482125,1.5107200486885983,0.517409221896673
validacion,ridge,HOME AND KITCHEN II,2592,20.832586865366242,35.13766080233299,0.6994115038537568,2.235224053126599,-0.4351048434647661
validacion,ridge,HOME APPLIANCES,2592,4.820702588116681,10.31003925934635,10.17529406221371,1.3700128357983015,8.898441824151949
validacion,ridge,HOME CARE,2592,68.5121211534665,88.88544598229123,0.21821211316851843,0.292743576115908,0.13301491149471772
validacion,ridge,LADIESWEAR,2592,10.37860898618345,14.869417119275882,0.8817803360491511,1.8708468455961476,-0.2395619739629001
validacion,ridge,LAWN AND GARDEN,2592,13.910870799311885,21.059821391556422,0.8262558058575221,1.805257139909711,-0.16065466857698962
validacion,ridge,LINGERIE,2592,8.483273400200737,12.248603488645816,1.300795353367269,1.6937471603270151,-0.016203757997829655
validacion,ridge,"LIQUOR,WINE,BEER",2592,37.3246881402569,60.16809874416122,0.38063639663350973,1.5059648341678105,-0.03281120913122746
validacion,ridge,MAGAZINES,2592,7.90975777896834,12.012079052978233,1.2853170436390156,1.6186683579895675,0.04730326009390085
validacion,ridge,MEATS,2592,77.43958257672227,110.66547472674951,0.20381967043156668,0.7085322543601639,-0.017582815427200183
validacion,ridge,PERSONAL CARE,2592,62.03442996813927,98.196283700753,0.20283583795336219,0.36822953085751525,0.022964593934762224
validacion,ridge,PET SUPPLIES,2592,9.121941531146014,13.049383967357121,1.0267086043132776,1.7361194757693021,-0.15047480045540407
validacion,ridge,PLAYERS AND ELECTRONICS,2592,10.461341151484737,14.103295579095475,0.9208339139691119,1.8535650007321791,-0.27019958568638675
validacion,ridge,POULTRY,2592,63.522412829561,92.72020652092077,0.16184689683959838,0.7931233049050608,-0.06143769777673615
validacion,ridge,PREPARED FOODS,2592,36.57289805235686,44.231767961181205,0.4071317876744779,2.060333767485011,-0.33849119835697433
validacion,ridge,PRODUCE,2592,259.45598803331825,398.8762061861493,0.10874052298127497,0.1833154369699992,0.03901168149148647
validacion,ridge,SCHOOL AND OFFICE SUPPLIES,2592,6.452693597770032,26.140139232511057,1.9781646132962651,1.3654992628824012,0.49709955234629105
validacion,ridge,SEAFOOD,2592,13.592510759186597,20.023171706318532,0.671689469401745,1.8287148416804346,-0.2597019567437554
