role,model,store_nbr,n,mae,rmse,wape,rmsle,bias_pct
test_interno,baseline_semanal,1,528,50.323960875019885,145.95113713735017,0.17127626600679782,0.5304045406541703,0.047746587620960367
test_interno,baseline_semanal,2,528,69.0152896823305,191.49741905254217,0.17057196151906232,0.4739402918190206,0.08595983536644879
test_interno,baseline_semanal,3,528,126.18811907912746,403.3883737038913,0.1238226319046378,0.37625249333390887,0.04341322549170541
test_interno,baseline_semanal,4,528,62.54177078875628,180.95316516067683,0.17613703330473895,0.48987709384725986,0.04853468610458208
test_interno,baseline_semanal,5,528,52.63105449080467,149.89775013537604,0.17763158665316173,0.5182191395426325,0.03986411692433268
test_interno,baseline_semanal,6,528,77.1683896780014,225.95600911252149,0.15810994500812559,0.42210402826692067,0.07118666022165447
test_interno,baseline_semanal,7,528,61.50653860063264,169.75924259831328,0.11345611117624449,0.4575249439909913,0.026595340165017287
test_interno,baseline_semanal,8,528,79.939957112977,219.64514174522552,0.1299410872061181,0.43230980948188913,0.003454685094326812
test_interno,baseline_semanal,9,528,135.3449323899818,443.1307436778228,0.2351862081333669,0.7432528424245296,-0.15594542513738002
test_interno,baseline_semanal,10,528,66.01978036129114,231.1046482922227,0.3034982539906372,0.6188645953257684,-0.09494288037757656
test_interno,baseline_semanal,11,528,137.76576831124046,450.2683078022012,0.21376369730604639,0.6392974825521636,-0.12948022214503443
test_interno,baseline_semanal,12,528,72.58629928213178,278.885525788205,0.3095054458357859,0.6229447278704666,0.08178121900164784
test_interno,baseline_semanal,13,528,54.88433700619322,208.97798847639416,0.2521619196567792,0.6193184346340453,-0.07090980161762646
test_interno,baseline_semanal,14,528,93.39319310766278,387.16513638001896,0.3608655455189977,0.719411346016489,0.04255276351911834
test_interno,baseline_semanal,15,528,45.50880081003363,139.7908892850219,0.1918248108940639,0.6201271665701168,-0.07117359259744988
test_interno,baseline_semanal,16,528,62.849975575100295,221.04833405898145,0.31727209869317635,0.5584210739480246,0.00941824615041269
test_interno,baseline_semanal,17,528,63.76865894144232,181.1962025259144,0.15243486276586893,0.6417080490015563,-0.007871411792406966
test_interno,baseline_semanal,18,528,50.54315725962321,143.4907600779646,0.16431322957833477,0.721763043610636,-0.03486280243172207
test_interno,baseline_semanal,19,528,51.94574763919368,139.34874525068705,0.18223011146017168,0.7554949830099468,0.029834650324427708
test_interno,baseline_semanal,20,528,187.39625218239698,632.6359244149047,0.34252184382186324,0.7901396114471437,-0.10913440086551582
test_interno,baseline_semanal,21,528,127.93687501098171,434.9112336185068,0.2862761383429571,0.5791034421199696,-0.01735059312061939
test_interno,baseline_semanal,22,528,66.36165337490313,189.0884988781009,0.287822842453842,0.6644493784709883,-0.028758754312601133
test_interno,baseline_semanal,23,528,38.625329822301865,108.64840794429112,0.16940584443804696,0.5372302168130466,0.04880697226600457
test_interno,baseline_semanal,24,528,68.99865277788855,186.18787885969812,0.13554318151772723,0.43960629553864183,0.049114585155445395
test_interno,baseline_semanal,25,528,74.03292451844071,294.2349202393464,0.2523173005365882,0.6031768580928059,-0.21214510684102972
test_interno,baseline_semanal,26,528,56.62444121187384,176.78304107687362,0.4007580692437737,0.6924938071208686,0.18005690181542064
test_interno,baseline_semanal,27,528,97.059031170426,278.883100799419,0.21713062458979449,0.5414935135478877,0.12272592724771013
test_interno,baseline_semanal,28,528,117.70435130234921,394.7443838146953,0.23860092519628107,0.6619586289903653,-0.05535172975352049
test_interno,baseline_semanal,29,528,84.37549943634959,244.37180061555384,0.20882179553532068,0.542550008157043,-0.018450933270274143
test_interno,baseline_semanal,30,528,71.94067646517898,294.76307526882084,0.3599232523017884,0.5646204183750543,0.0008168317383618134
test_interno,baseline_semanal,31,528,93.2047861995119,324.6253256825592,0.2085053052961678,0.5548250264810516,-0.019510634723158386
test_interno,baseline_semanal,32,528,62.74254744703119,220.60087798286787,0.3960817804832183,0.5734062772808621,-0.05848898558708756
test_interno,baseline_semanal,33,528,74.7709264683001,242.58434519434013,0.2399595039243558,0.5718602028180261,-0.09195127322002869
test_interno,baseline_semanal,34,528,67.49990888797876,206.1963491138813,0.19666665287949753,0.5825132181594355,-0.10639698125275161
test_interno,baseline_semanal,35,528,42.7426591425231,130.94654804351126,0.2473783909036197,0.634562602393447,-0.11231110029175252
test_interno,baseline_semanal,36,528,81.93141639232635,272.97049787053345,0.20267752095759559,0.6089285000338369,-0.10613499671338163
test_interno,baseline_semanal,37,528,67.6344219130097,209.83139919602093,0.18172330099274162,0.4727704459244328,0.1045965035363345
test_interno,baseline_semanal,38,528,125.03796144868389,462.55255538431635,0.33379959109188057,0.5441500011952156,0.06515688184260292
test_interno,baseline_semanal,39,528,153.7698488867644,582.5036151273661,0.3102162684518036,0.5483748577501313,0.08230649426019776
test_interno,baseline_semanal,40,528,195.42643547780585,658.5065342154522,0.3585920413058239,0.6135516336997366,-0.052943056156056975
test_interno,baseline_semanal,41,528,98.65067423202775,299.8455985857391,0.25941340041076827,0.5187858331463873,0.1156158803740643
test_interno,baseline_semanal,42,528,84.95230478409565,317.3418725397619,0.2469058340367098,0.5036617217584205,0.12936524037487043
test_interno,baseline_semanal,43,528,84.25068447806619,289.27351803627585,0.16835366340281283,0.5709560159726861,-0.009610943849828621
test_interno,baseline_semanal,44,528,221.0731760299567,732.5964321968517,0.17776044539362784,0.8406424779971273,0.05622807970197236
test_interno,baseline_semanal,45,528,179.918627688379,527.1008237938307,0.1504859382463095,0.4574108436242711,0.004173962085178503
test_interno,baseline_semanal,46,528,185.42432273517954,596.948910984345,0.21434385985491786,0.7296072347117148,0.05718086965431529
test_interno,baseline_semanal,47,528,201.77676309961262,624.7503334982084,0.18311902553172812,1.0083137941272806,-0.0007402440898802894
test_interno,baseline_semanal,48,528,173.95148865562496,539.9037235766483,0.22748840255390074,0.8578796002598051,-0.017299913854307767
test_interno,baseline_semanal,49,528,118.88596752918127,328.03690799836016,0.12112522468895591,0.7355778499935995,-0.021036335274809827
test_interno,baseline_semanal,50,528,128.77538304979151,372.756117935021,0.20825362957000054,1.0172342824207872,0.06600939822974396
test_interno,baseline_semanal,51,528,105.97009707942154,297.77413007284684,0.1534497447468744,0.5305623204890407,0.07447133916065016
test_interno,baseline_semanal,52,528,107.49679504921941,332.5573440852641,0.15529443599171536,0.4588606317994145,0.022197471236955597
test_interno,baseline_semanal,53,528,61.8278421127435,171.9119551847787,0.18260226817896372,0.5307365899062222,0.04260337207537708
test_interno,baseline_semanal,54,528,90.21465931516705,367.2322508169926,0.26976650274018144,0.5028272185706262,-0.12285181813919481
test_interno,lightgbm_31,1,528,57.58862159844102,169.5078649100749,0.1960013460855293,0.4360881744675803,0.07247153268387181
test_interno,lightgbm_31,2,528,68.1156343508477,189.71174264724337,0.1683484545934456,0.3740706698671996,0.10302146308024475
test_interno,lightgbm_31,3,528,124.70175025037685,422.47315249168787,0.1223641261300846,0.3011553093260673,0.06127770649536987
test_interno,lightgbm_31,4,528,56.041528091802775,163.25483384548633,0.15783033283939138,0.359860013625333,0.0639358340254115
test_interno,lightgbm_31,5,528,41.308172363434196,115.46627201113682,0.13941647701436577,0.3950189904619161,0.04495538528316793
test_interno,lightgbm_31,6,528,65.12239013783669,186.3276664453852,0.13342895408929736,0.3309017264701761,0.07095559777935546
test_interno,lightgbm_31,7,528,68.46590952516955,190.3632831857155,0.12629349691270766,0.36209999376603347,0.07247337255544649
test_interno,lightgbm_31,8,528,67.85221677960702,196.86973640784709,0.1102926638455261,0.3558626782851314,0.04423684778210197
test_interno,lightgbm_31,9,528,112.80342613524725,398.08241856130985,0.19601627921138826,0.40700154270816263,-0.12459008633742645
test_interno,lightgbm_31,10,528,45.184521318823215,156.5113503682187,0.20771688806929223,0.467453013269961,-0.13107879551546972
test_interno,lightgbm_31,11,528,116.92479863243565,397.74460342731373,0.1814258909801695,0.4223515181262235,-0.12405153373949171
test_interno,lightgbm_31,12,528,44.4133450141945,155.44654076435313,0.1893769524775962,0.5096157449547429,-0.002615779294409733
test_interno,lightgbm_31,13,528,43.234908857749524,177.01578455162172,0.19863950643196784,0.4774729386096469,-0.10815552657404492
test_interno,lightgbm_31,14,528,60.79084235501938,232.03987853161772,0.2348920703858398,0.5397731685845306,-0.05964357409684502
test_interno,lightgbm_31,15,528,40.062139308557946,116.80779752404958,0.16886650845744608,0.4922833462953435,-0.05050376719020731
test_interno,lightgbm_31,16,528,41.090813144455666,126.78411991360962,0.20742996960710916,0.4307447550795161,-0.025861482593801177
test_interno,lightgbm_31,17,528,49.0770778503854,144.74279559303483,0.11731558654766588,0.5228542015973668,0.002025553034364242
test_interno,lightgbm_31,18,528,47.57863698399382,137.8459499370075,0.1546757251751769,0.40410216351559425,0.01682439810912881
test_interno,lightgbm_31,19,528,42.61853054277751,123.64155260012652,0.14950943867480795,0.5886330233393787,-0.031168150401412995
test_interno,lightgbm_31,20,528,132.8100921505656,449.1488009219808,0.24274955935237438,0.48256175139019286,-0.15777208371959284
test_interno,lightgbm_31,21,528,82.7967503732956,261.9972335992734,0.1852689770809103,0.4045588098741311,-0.09209515826904828
test_interno,lightgbm_31,22,528,52.47941447482278,152.01584003996328,0.2276129884697714,0.5327051992478343,-0.09459239597326884
test_interno,lightgbm_31,23,528,35.9397828769821,96.64054880236745,0.15762737289766335,0.4170597529854063,0.0622926775220695
test_interno,lightgbm_31,24,528,58.7141464724086,166.19725234539348,0.11533996523941459,0.3475875766433484,0.05424270064921885
test_interno,lightgbm_31,25,528,76.68124359760496,292.0957022894214,0.2613432403513502,0.4996637354472017,-0.23941326418569114
test_interno,lightgbm_31,26,528,40.9348608245696,130.02663134289946,0.2897154556887189,0.5272328064589046,0.08876521145452876
test_interno,lightgbm_31,27,528,57.21473087106449,146.2824242149421,0.12799499541632095,0.37778865109282506,0.04093998310325738
test_interno,lightgbm_31,28,528,107.27767140213331,412.55830209348665,0.21746478669850808,0.413971843426437,-0.10352368197292047
test_interno,lightgbm_31,29,528,62.40174623044579,197.47095752284395,0.15443872663783412,0.37934345593035673,-0.06932478917708762
test_interno,lightgbm_31,30,528,52.85674755476531,207.12806599086878,0.26444528215152363,0.44890120680543816,-0.05257612656063699
test_interno,lightgbm_31,31,528,70.85436202725045,253.71307767198033,0.1585059200118032,0.41979303696732007,-0.06051599644957045
test_interno,lightgbm_31,32,528,50.58587305389176,179.04856343783837,0.3193390048977292,0.4525683219764079,-0.11562944922338035
test_interno,lightgbm_31,33,528,57.96815058017873,213.1541519006095,0.18603499132151768,0.4126850661027621,-0.086886148065284
test_interno,lightgbm_31,34,528,51.838950671033714,156.6573511584684,0.1510371359786122,0.45825750842781715,-0.08989203707498937
test_interno,lightgbm_31,35,528,34.02464150836437,105.7771135704221,0.19692179280062524,0.4461963923954707,-0.09632466719070254
test_interno,lightgbm_31,36,528,81.64952785277458,282.0548861216171,0.20198020028503288,0.4727994128504734,-0.1645523318374024
test_interno,lightgbm_31,37,528,72.09548965078042,221.5916006604118,0.1937095046495512,0.3674941561341202,0.1309045582778761
test_interno,lightgbm_31,38,528,102.44058164752371,378.36101255537926,0.27347394238502076,0.44944362716543057,0.0503138530458244
test_interno,lightgbm_31,39,528,118.84298804832149,408.1234297298762,0.23975459786763098,0.4097695213188368,0.017956623638302336
test_interno,lightgbm_31,40,528,137.95923407190455,496.51919958701905,0.25314427519428684,0.4170353977072214,-0.12559138094033812
test_interno,lightgbm_31,41,528,86.39939745671863,266.8592453513909,0.22719724585939272,0.39173434061364965,0.10219240325080228
test_interno,lightgbm_31,42,528,76.35257802609028,269.2352591640017,0.22191154208583805,0.4050467007635055,0.1295498785048184
test_interno,lightgbm_31,43,528,66.45747312093614,217.4314566255881,0.13279843516661685,0.44072711659219344,-0.05459816585684237
test_interno,lightgbm_31,44,528,183.98587162332433,553.3455144177018,0.1479392980786832,0.43345910246820674,0.06449251824575813
test_interno,lightgbm_31,45,528,154.0692743141689,445.09441246213714,0.12886525201966778,0.3666323556601875,0.0025096107704684844
test_interno,lightgbm_31,46,528,142.45993593733309,445.6251472111361,0.1646785712525026,0.356531729854932,0.02595435994537895
test_interno,lightgbm_31,47,528,164.32205577170305,525.9121285513357,0.149127651093449,0.501370009990193,0.015142114379852103
test_interno,lightgbm_31,48,528,142.71886456423928,432.5786826306721,0.18664333812227735,0.44797062117047076,-0.0421974070782325
test_interno,lightgbm_31,49,528,114.24093785703964,328.86363645261986,0.11639270432159698,0.3624962933178325,0.022592802367084955
test_interno,lightgbm_31,50,528,109.21967931165898,321.26995232071306,0.17662843703854397,0.5469860701442084,0.051021481462282026
test_interno,lightgbm_31,51,528,78.2685337541284,211.9632417453415,0.11333656245763143,0.36236027658182385,0.021658256365750122
test_interno,lightgbm_31,52,528,94.95122464274095,270.2476682388729,0.13717057211673767,0.3501019915989579,0.003956538836978011
test_interno,lightgbm_31,53,528,47.46338447414924,133.0347109939846,0.14017829774207016,0.3969686092662388,0.03818651608423745
test_interno,lightgbm_31,54,528,77.88012154903319,339.06618382675947,0.2328828616407664,0.42721134768328267,-0.1393568263656317
test_interno,lightgbm_63,1,528,50.0563781665275,152.74259841251697,0.170365555356013,0.4186496709956448,0.08312022723271408
test_interno,lightgbm_63,2,528,62.67844991997073,177.95423543855608,0.15491040024658348,0.37131874571032675,0.09837358077001211
test_interno,lightgbm_63,3,528,120.27456232181706,398.5298641589728,0.11801992902776492,0.3781680112444022,0.06866650970451764
test_interno,lightgbm_63,4,528,53.89129534839539,155.7615685162394,0.1517746102149438,0.3530598064336753,0.058020267567673846
test_interno,lightgbm_63,5,528,41.36388821770955,114.87822415379172,0.1396045199044887,0.39044209480882386,0.05748585178619718
test_interno,lightgbm_63,6,528,61.87514096339281,175.16055902593726,0.12677568076661502,0.3230722134957092,0.07119313015012357
test_interno,lightgbm_63,7,528,66.94958488726729,184.45966863075952,0.12349645613279704,0.37683273811949314,0.07285448649229558
test_interno,lightgbm_63,8,528,65.69999449449692,193.73047757139614,0.10679426187314073,0.35182214028560216,0.04788798479930868
test_interno,lightgbm_63,9,528,108.15148170007036,380.5158287223815,0.1879326875110066,0.44141062000367715,-0.11148012537086925
test_interno,lightgbm_63,10,528,42.133124388930646,145.815819408653,0.19368937032556802,0.44910488887723576,-0.13151904677980006
test_interno,lightgbm_63,11,528,113.18799098103403,382.839255295261,0.17562768849869023,0.41620233122781713,-0.11573059193991873
test_interno,lightgbm_63,12,528,38.15250944836079,140.6526336798624,0.16268096821786532,0.4316630434896427,-0.01939772308620411
test_interno,lightgbm_63,13,528,38.490392127243744,165.61769465371435,0.17684118450866498,0.4242811719239325,-0.10770830254039858
test_interno,lightgbm_63,14,528,55.35497703611048,214.14068015697796,0.21388822162124596,0.4777055992846999,-0.06581823554309504
test_interno,lightgbm_63,15,528,35.72036605946348,102.03238864358286,0.15056543662896527,0.4125304812678153,-0.02982152677991872
test_interno,lightgbm_63,16,528,39.162975037779,120.80996882666581,0.19769807653238364,0.425844367995978,-0.0271120863763833
test_interno,lightgbm_63,17,528,48.527977470587345,145.12782379443894,0.1160029975356237,0.4311192917132004,0.0021704801754592875
test_interno,lightgbm_63,18,528,45.11002898619768,126.90712518124644,0.14665040632544157,0.4004156326524368,0.018487228571198548
test_interno,lightgbm_63,19,528,38.87671281349776,113.20329107127478,0.1363828230641046,0.5600157644887943,-0.02890102430757104
test_interno,lightgbm_63,20,528,129.17943659913783,437.1728054353323,0.23611346701181513,0.5307175054737273,-0.1492671742338688
test_interno,lightgbm_63,21,528,80.2325592542878,253.70682398082653,0.17953125110112658,0.4311940749051728,-0.10450557660033655
test_interno,lightgbm_63,22,528,47.87862127467727,141.4527729120284,0.20765849202395223,0.4864234791092218,-0.09984324164904634
test_interno,lightgbm_63,23,528,35.052557617465744,95.76303565815911,0.15373611436377893,0.4120790307731143,0.07220291873941469
test_interno,lightgbm_63,24,528,53.58640389970148,152.50355958369545,0.10526686215222866,0.3485133425049912,0.04851625064594361
test_interno,lightgbm_63,25,528,74.64005396319209,292.00892517336194,0.2543865050637954,0.493002868228125,-0.22988672357356096
test_interno,lightgbm_63,26,528,38.977935767602915,125.35499751369811,0.2758653674459006,0.5093024995871033,0.0851409294925716
test_interno,lightgbm_63,27,528,54.075198754191106,135.34405316551533,0.12097155245345582,0.36543301203044265,0.03697022529333718
test_interno,lightgbm_63,28,528,105.72870194767782,412.20717170488155,0.21432483867751692,0.4319902028324663,-0.1023725798045658
test_interno,lightgbm_63,29,528,60.21708859621018,195.14979640382467,0.14903189488147608,0.38385562184384225,-0.06853188464462032
test_interno,lightgbm_63,30,528,48.32400399480919,198.51326547551804,0.24176771107337217,0.4488461485693799,-0.07305277496679992
test_interno,lightgbm_63,31,528,68.29169208026741,250.30617030513739,0.1527730569104895,0.4292616212820567,-0.06457036381753388
test_interno,lightgbm_63,32,528,43.82589827209069,167.25923696261486,0.27666456854562166,0.4437116992109334,-0.15929066060400868
test_interno,lightgbm_63,33,528,53.42669489614821,198.81769131471577,0.17146026950773322,0.4106067674222434,-0.07771341829916022
test_interno,lightgbm_63,34,528,47.18759218124813,145.19102209383243,0.13748501241875838,0.44548114536304956,-0.07916428778674248
test_interno,lightgbm_63,35,528,31.806901028417528,97.88377331339571,0.1840863473141448,0.4364699751376783,-0.08921718327550023
test_interno,lightgbm_63,36,528,80.13107975803122,278.7027801011222,0.1982239452476283,0.4850741212678731,-0.15920670428332576
test_interno,lightgbm_63,37,528,69.0030862403554,211.76868236901146,0.1854006917721907,0.37964704140798256,0.127552819226013
test_interno,lightgbm_63,38,528,94.29403418729254,359.8318500626973,0.251726033353796,0.44928659030430707,0.02748381894617755
test_interno,lightgbm_63,39,528,112.91466224109327,387.7253273419343,0.22779475578285957,0.4355492032894281,0.009480385136562203
test_interno,lightgbm_63,40,528,132.14174565190362,480.99589452588174,0.24246964439164886,0.4136881124179075,-0.1262615373027888
test_interno,lightgbm_63,41,528,81.13340744726763,252.13193249887445,0.2133497137921733,0.3820749173985029,0.08958801773229058
test_interno,lightgbm_63,42,528,73.17674777278918,259.7206602738511,0.21268129201265668,0.38530181071736164,0.12583589646244367
test_interno,lightgbm_63,43,528,65.72927681917733,215.62924027462952,0.1313433192131151,0.44861819886875653,-0.06057780266019371
test_interno,lightgbm_63,44,528,198.03548595879758,577.1611543668431,0.15923630727144028,0.4891650151547469,0.08868543913377076
test_interno,lightgbm_63,45,528,145.00892967942843,442.03368759654387,0.12128707914945586,0.3457330071609179,0.0010529292426159488
test_interno,lightgbm_63,46,528,134.1037306659539,438.40487595523115,0.15501909796880908,0.3504755306665702,0.038277616528405
test_interno,lightgbm_63,47,528,164.35870811230558,536.0658832626734,0.1491609142937873,0.5262144545383577,0.02026802178981065
test_interno,lightgbm_63,48,528,139.57268952623383,438.05206935494306,0.18252886724834458,0.5083090657130136,-0.03703566845325703
test_interno,lightgbm_63,49,528,114.38539893222884,324.8034263181853,0.11653988636969534,0.35136286834993813,0.030007221684376927
test_interno,lightgbm_63,50,528,105.91099815960901,301.67914392576057,0.1712776872082147,0.5185860124636605,0.04962301752795193
test_interno,lightgbm_63,51,528,76.73856361933785,205.9189342180933,0.11112109287588713,0.3650415940959817,0.024391395403199647
test_interno,lightgbm_63,52,528,86.94036968478957,243.30838598250952,0.12559775078809352,0.3679711925298602,0.006071307500910876
test_interno,lightgbm_63,53,528,46.00547556193785,126.5343251152318,0.13587251146405846,0.3792936211349916,0.03875090949961447
test_interno,lightgbm_63,54,528,78.20016152593733,344.11487680584827,0.2338398686944079,0.4211268838162768,-0.14011451939880162
test_interno,ridge,1,528,71.10469976699713,178.40568627383496,0.24200295962138701,1.580320057719965,0.09122833005818608
test_interno,ridge,2,528,100.70943833842422,260.30371137740036,0.24890435901866667,1.4620632111339564,0.16989439348799198
test_interno,ridge,3,528,148.64764363837963,402.1799647900468,0.14586113650038032,1.405878360256049,0.09568847799434585
test_interno,ridge,4,528,80.65404882394907,184.6572367942875,0.22714682850681184,1.4455631582390678,0.10851983673685156
test_interno,ridge,5,528,56.69028221928712,126.30047657436286,0.19133161734745122,1.496975270910415,0.0761202369109688
test_interno,ridge,6,528,91.71755248850042,216.93126650309736,0.18791965519491255,1.5006854522505426,0.11924771847197117
test_interno,ridge,7,528,90.30625455307238,206.56898582913104,0.1665806057305626,1.5115622674057878,0.09469604983662155
test_interno,ridge,8,528,90.99587629419385,219.32900726982137,0.1479123022324154,1.5588463989017103,0.06898032240764487
test_interno,ridge,9,528,108.39027478839412,318.52056150649094,0.18834763353062928,1.5018919092360834,-0.035974260114872696
test_interno,ridge,10,528,48.386822671601266,132.79141696045326,0.2224381256135758,1.4975849083429642,-0.05124525313023426
test_interno,ridge,11,528,110.58666876590613,316.338904872552,0.1715913574027548,1.506561904836864,-0.031092107836980597
test_interno,ridge,12,528,57.49735730344599,158.65989703226052,0.24516672405922235,1.615476959347714,0.08915412844321727
test_interno,ridge,13,528,52.1578834996079,160.881005467363,0.23963543600812126,1.5911693212848823,-0.024941741511507333
test_interno,ridge,14,528,75.2616455410466,217.58401809785516,0.2908063625527633,1.5947723069378745,0.03975530743332389
test_interno,ridge,15,528,53.27813584876783,116.08105625111976,0.22457344847735144,1.57786380562936,0.023614276646700474
test_interno,ridge,16,528,51.0705321413098,131.94262609649397,0.25780845204130887,1.5715567057171846,0.05115917733154994
test_interno,ridge,17,528,67.39071318597505,160.68602986919305,0.1610931496243536,1.5462109525683274,0.04861969816393351
test_interno,ridge,18,528,66.92675588528316,153.77338687779817,0.2175754741284573,1.5116251930934634,0.0954656924545371
test_interno,ridge,19,528,46.948668497981444,112.34317872732281,0.16469993179650788,1.5571785004620948,0.025406411488343092
test_interno,ridge,20,528,112.94404277115157,343.9189611019126,0.20643850305510092,1.5637613373285313,-0.03254944109605187
test_interno,ridge,21,528,88.73781098741473,225.6828459363142,0.19856290731115453,1.4702273927219667,-0.007810952294867595
test_interno,ridge,22,528,59.89640207362898,137.00219213428156,0.25978184419542805,1.5768391077634112,0.0018134273408351158
test_interno,ridge,23,528,50.64579112872933,106.45323533357251,0.22212607770255244,1.5847977951410979,0.08334574217200069
test_interno,ridge,24,528,77.07631829110059,185.76423563977397,0.1514112084837211,1.518750256116624,0.07757369394509728
test_interno,ridge,25,528,76.58210817611578,269.542236984808,0.26100536930140306,1.4527790852169638,-0.13407231467818945
test_interno,ridge,26,528,58.73577348391215,158.63334277092596,0.4157009706970196,1.489166499516655,0.18454231741538737
test_interno,ridge,27,528,78.17188178318919,178.94775576339651,0.1748782087793526,1.4657635433642306,0.07600662906985443
test_interno,ridge,28,528,116.70857394102848,400.2295648205553,0.2365823643098587,1.4598569643022485,-0.047745188354175606
test_interno,ridge,29,528,71.24646659330888,177.251904141636,0.17632861646982478,1.5136898146878972,-0.015204960590170602
test_interno,ridge,30,528,65.64629663843097,221.7746464503734,0.3284321158574089,1.530026639089208,-0.028020627771459666
test_interno,ridge,31,528,82.74181980075258,241.09439036495993,0.1850989536244091,1.5219282163103922,-0.011368801447591222
test_interno,ridge,32,528,56.45570484074679,179.3134662441166,0.356394137656521,1.4897579394535425,-0.02607543588670321
test_interno,ridge,33,528,70.09214571028045,210.91919499195942,0.22494406994894284,1.5564156374966769,-0.029948535436019066
test_interno,ridge,34,528,55.13066467371854,129.54672921147272,0.16062782114855753,1.566254668902505,-0.05183840971405998
test_interno,ridge,35,528,43.48680427580169,101.86602776317113,0.2516852222838432,1.5710197322671762,-0.030711847530340473
test_interno,ridge,36,528,80.92713156974676,237.87425042896388,0.20019317530438369,1.51323150235702,-0.09973652235444828
test_interno,ridge,37,528,88.65953168272972,221.32293454558214,0.23821454085285979,1.5227427790199501,0.13312031416400447
test_interno,ridge,38,528,116.61032562002991,404.23203506975,0.3113012924881361,1.5420402104757163,0.06613347665772744
test_interno,ridge,39,528,134.68561526862058,388.01281801232557,0.27171561450603116,1.6330263760194699,0.11648453593173644
test_interno,ridge,40,528,139.18031557401022,447.2167250022789,0.2553848631033396,1.5293731220669828,-0.05595941059229531
test_interno,ridge,41,528,99.73805295788881,265.60596572557216,0.2622727890059895,1.502541130442302,0.10464007427129958
test_interno,ridge,42,528,107.50482279242891,301.92770987442077,0.31245259327564123,1.53301632977326,0.19287953087918125
test_interno,ridge,43,528,79.7926999727885,212.37977997123096,0.15944550998535464,1.6195488460501566,0.02290307361595428
test_interno,ridge,44,528,236.65468960819823,632.0544046499656,0.19028922361681558,1.262134222275243,0.1203831339454452
test_interno,ridge,45,528,192.57460594177246,515.1022822057895,0.16107153900570112,1.2903532966153177,0.07826299530222215
test_interno,ridge,46,528,182.32858566081885,487.19780042120647,0.21076529894216145,1.5182840571734577,0.11306408600067692
test_interno,ridge,47,528,191.9565628225153,508.77179354593864,0.17420687193364162,1.373772619961269,0.06940264575441886
test_interno,ridge,48,528,166.70103504079762,436.5960977544688,0.21800648248885568,1.4679627469460348,0.05113945363865276
test_interno,ridge,49,528,142.29558954816875,336.6260169569642,0.14497577480739104,1.3087534257309044,0.0715194661574035
test_interno,ridge,50,528,132.46930251880124,317.7633157016564,0.21422738106304115,1.4634007273602403,0.11126090767227145
test_interno,ridge,51,528,107.96428202137803,270.52202342500505,0.15633741946601654,1.4335321408066721,0.07041349193518014
test_interno,ridge,52,528,119.84959914016001,290.3752223750601,0.17313982145963033,1.5451700041670646,0.07120020637826736
test_interno,ridge,53,528,66.64464551752263,154.07617935534637,0.19682820906625756,1.4567145703425048,0.07963580064065928
test_interno,ridge,54,528,86.01979070721251,329.3133559499773,0.2572226984137795,1.6229169828684913,-0.10487082474033312
validacion,baseline_semanal,1,1584,37.14831308463607,99.75725908054912,0.11430658821228037,0.45603501362481574,0.011699721842415405
validacion,baseline_semanal,2,1584,49.68891413645311,127.2276654338851,0.10761457962727856,0.46757626333289454,0.003464442502802421
validacion,baseline_semanal,3,1584,103.6432571700125,303.9949072804881,0.09241426714154331,0.4070071964345955,-0.0041054833611890345
validacion,baseline_semanal,4,1584,47.63726794900316,132.25445951392553,0.12162882025962683,0.4460488499720012,0.006803919579042916
validacion,baseline_semanal,5,1584,44.853212306144265,129.7822333064516,0.14504547847499502,0.48812923143600306,-0.004268727728126256
validacion,baseline_semanal,6,1584,60.557122428609865,175.55467480363274,0.1121690793490405,0.44051260632389755,0.0035682060780505014
validacion,baseline_semanal,7,1584,58.95990062843669,149.17664184142973,0.09680886985958871,0.45481831682598933,0.029046604726654556
validacion,baseline_semanal,8,1584,66.06084404930924,175.75038165420432,0.09762611243131653,0.38451651666371806,-0.005457717372379301
validacion,baseline_semanal,9,1584,87.80208630272837,294.08316179450276,0.1651187262922679,0.5185440372376262,0.010250154033765188
validacion,baseline_semanal,10,1584,38.38334866364797,129.07836705221672,0.20644705745821712,0.5775614041167374,-0.014450670269373455
validacion,baseline_semanal,11,1584,124.28796655963166,398.9113778849222,0.21221231905757124,0.551150418386374,-0.002986703723880509
validacion,baseline_semanal,12,1584,36.709650282907965,130.96595968430216,0.1571704316230035,0.5788450691879874,-0.019446598042396183
validacion,baseline_semanal,13,1584,52.59162126887929,193.02265438819347,0.2641872316296957,0.5774866394474476,0.05682855383317157
validacion,baseline_semanal,14,1584,63.088486129587345,254.7557745021571,0.26460974788870734,0.5727161972990815,0.036958395169948505
validacion,baseline_semanal,15,1584,38.65294891896874,109.44086221808594,0.1671799206913736,0.5401916766308202,0.03479144613253878
validacion,baseline_semanal,16,1584,65.46937682472094,290.9445577226537,0.3391778140883483,0.6373452178031095,0.057748422409709885
validacion,baseline_semanal,17,1584,58.45576232370704,186.3292064298106,0.13865459026304336,0.5014527931348814,-0.008700484643952077
validacion,baseline_semanal,18,1584,52.25193400169262,153.60407102957677,0.16214173680615357,0.6063012041127204,0.033485469791818046
validacion,baseline_semanal,19,1584,40.775701455395634,122.56376402797834,0.14738740563270922,0.5553838105215472,-0.04030427674124351
validacion,baseline_semanal,20,1584,97.4413347435419,339.67075549533627,0.21104440287904389,0.5684932184729266,-0.017221270542059405
validacion,baseline_semanal,21,1584,78.79271191539186,263.57168139393764,0.20012736940308415,0.5887543814698364,-0.010616602652493085
validacion,baseline_semanal,22,1584,44.255660326793944,125.41109304325207,0.21665085072082246,0.5918744805673698,-0.029259854884900818
validacion,baseline_semanal,23,1584,35.925474461883006,96.77047783262655,0.1440175412322151,0.4957923370793737,-0.019204223821582878
validacion,baseline_semanal,24,1584,58.53686749423393,150.50020958997987,0.10725355229118795,0.44056696918041227,-0.017703177086987865
validacion,baseline_semanal,25,1584,37.35126463572184,121.25829229222859,0.16526935706298038,0.5164362261269378,-0.08059569814889171
validacion,baseline_semanal,26,1584,37.22759416127446,119.65371833913358,0.23870126587169357,0.6101325629697926,-0.09057947906706862
validacion,baseline_semanal,27,1584,58.09833645293809,165.35419102931496,0.12442904717614726,0.507209152569674,-0.032773693566016025
validacion,baseline_semanal,28,1584,79.83776133349447,252.40166553546,0.17744380156803455,0.574036971755202,-0.00031909503928183677
validacion,baseline_semanal,29,1584,58.69582411135086,181.33303856177045,0.15773167762853646,0.5234878015026588,-0.03772243995113414
validacion,baseline_semanal,30,1584,83.15632512713924,508.7036428204343,0.4137853374406703,0.586013867965258,0.016672007523053013
validacion,baseline_semanal,31,1584,79.65701006638884,311.6103871666007,0.19160436991308086,0.5316954875808356,-0.030256836058490368
validacion,baseline_semanal,32,1584,73.85310669980868,473.62497652072733,0.5340086230607977,0.5978550583309362,0.04296021236975622
validacion,baseline_semanal,33,1584,70.31098428519086,315.5472497154773,0.23561239633497902,0.5685331759007812,-0.011268943573825052
validacion,baseline_semanal,34,1584,46.0106630241028,136.91679319067893,0.14580228848851495,0.5178718145131457,-0.02171727790666852
validacion,baseline_semanal,35,1584,32.331619936408416,96.37159762685678,0.2077447715484092,0.5641324764829738,-0.0501772716453418
validacion,baseline_semanal,36,1584,59.01648101421318,191.09398177617132,0.1748739346228781,0.5506750723552908,-0.03572541637970729
validacion,baseline_semanal,37,1584,54.75094412763914,153.017921587477,0.1290394243527812,0.45493079012439824,-0.01385632132451752
validacion,baseline_semanal,38,1584,92.89121323342275,508.26791463732616,0.22359697110772334,0.47103251482363123,-0.049835531137610224
validacion,baseline_semanal,39,1584,124.20456965312813,472.0692988237298,0.24582180361590106,0.5140259656515515,0.010148718834022914
validacion,baseline_semanal,40,1584,119.61119537642507,464.38611332461863,0.25441658663145644,0.550801334143896,0.0002501501939660401
validacion,baseline_semanal,41,1584,98.86819352886893,367.93134836843103,0.23508324426567995,0.5263330792713043,-0.037655878346079405
validacion,baseline_semanal,42,1584,56.98562921689014,164.73997795739652,0.1424408580605043,0.45234751857297617,-0.01369424740224173
validacion,baseline_semanal,43,1584,75.6527541622971,254.57055719888922,0.1627795595214884,0.5591277248682315,-0.042682696872466196
validacion,baseline_semanal,44,1584,155.10840789717858,485.535136266528,0.11252331813093205,0.3950868600938244,-0.0128168165912774
validacion,baseline_semanal,45,1584,144.3701373820353,471.13344569473156,0.11495572470466583,0.4821285635557794,-0.02398813422778512
validacion,baseline_semanal,46,1584,144.3878302237,484.2403220738386,0.15519048134308555,0.4620438481862489,-0.014798633682193614
validacion,baseline_semanal,47,1584,152.1746483403023,487.8961941828917,0.13094560616616815,0.44681920523846447,-0.021041665333516625
validacion,baseline_semanal,48,1584,122.06500897443655,409.66781132543986,0.1611738773895147,0.4556118268115373,-0.037032382437087695
validacion,baseline_semanal,49,1584,118.11690573018006,345.1664059231956,0.11059641401476221,0.4964331357603736,0.007114737984169261
validacion,baseline_semanal,50,1584,82.68356681080779,228.62522090916192,0.12702587849752803,0.49873229695607096,-0.03680624228543285
validacion,baseline_semanal,51,1584,84.57009155220456,257.62057099113866,0.11569356290011068,0.5201230157672014,-0.011624298363260259
validacion,baseline_semanal,52,1584,84.42494293686116,248.58549770875564,0.1255202533987689,0.4842131266449684,-0.04871494112338899
validacion,baseline_semanal,53,1584,53.34052232901255,159.95001765684523,0.14816538727207218,0.5364278451426324,-0.04880463645517025
validacion,baseline_semanal,54,1584,98.92207881657764,628.0415446402774,0.32522618162667677,0.5422505633340016,-0.019311469889193224
validacion,lightgbm_31,1,1584,37.90091798230346,105.61559353401636,0.11662237837826213,0.39714177908229387,0.01627204594526307
validacion,lightgbm_31,2,1584,42.419430953471355,107.34627616518485,0.09187057735957285,0.34412057925591966,0.014125383550509551
validacion,lightgbm_31,3,1584,93.95660203560597,282.06283925598495,0.08377709035125179,0.30860247938669627,0.014418079619988105
validacion,lightgbm_31,4,1584,36.72671526521321,96.19627160670636,0.09377168847090832,0.3474918267825131,0.01061287596670101
validacion,lightgbm_31,5,1584,37.21849902104987,104.23395030994709,0.1203564855462941,0.3924518661714302,-0.015026574670189276
validacion,lightgbm_31,6,1584,46.18816063854976,125.19550614451154,0.0855536598813691,0.32447172463303414,0.016590685883393994
validacion,lightgbm_31,7,1584,57.239026307172836,147.73609916974792,0.09398329016158645,0.3483780659447729,0.04553332550717506
validacion,lightgbm_31,8,1584,56.884652891471454,154.46116650784484,0.08406534307454516,0.30341985007653227,0.0177424876157466
validacion,lightgbm_31,9,1584,69.72030534551935,240.6602653464055,0.1311145156126253,0.44303559998649467,0.019025160932030452
validacion,lightgbm_31,10,1584,29.26325981189403,107.85016893190013,0.1573941328762287,0.44987730487780225,-0.0075408039532661635
validacion,lightgbm_31,11,1584,93.11647056319642,299.10765197247247,0.15898934311706822,0.4163797842674107,-0.015302317260426902
validacion,lightgbm_31,12,1584,30.921044164429453,118.22031207557026,0.13238681981724273,0.4301536874458497,-0.006437378462533516
validacion,lightgbm_31,13,1584,37.98798380119339,128.55157278762496,0.19082774087380536,0.44202534669685195,0.03621462614565097
validacion,lightgbm_31,14,1584,46.179038257345034,184.1675445559861,0.19368706432295185,0.4574002057458957,0.015653224489399833
validacion,lightgbm_31,15,1584,30.680472274473896,83.81033428117027,0.13269773885488267,0.417189927417447,0.0304324948499319
validacion,lightgbm_31,16,1584,50.04452141061105,206.58559155221582,0.2592661210842517,0.4692298251266447,0.03467114477266596
validacion,lightgbm_31,17,1584,45.26069571188377,150.69101701031917,0.10735645160522393,0.3859221090011539,0.0006360595705626007
validacion,lightgbm_31,18,1584,40.98760785849118,112.01761487101922,0.12718767357950864,0.4473005084795419,0.03714298930579673
validacion,lightgbm_31,19,1584,35.860841701909905,114.58731473607446,0.12962220718707898,0.4357981759480551,-0.02227222856789611
validacion,lightgbm_31,20,1584,76.04087751577153,290.3412700183208,0.16469398363591406,0.4235277195762792,-0.039732831748250035
validacion,lightgbm_31,21,1584,63.338429024539664,217.48768722544764,0.1608746910046247,0.4725907179034949,-0.03273312939628099
validacion,lightgbm_31,22,1584,36.042479190211075,109.82732525942305,0.1764437299316297,0.45343093603598456,-0.022721865894358893
validacion,lightgbm_31,23,1584,31.93251781506438,82.56613010133783,0.12801063228709364,0.398337998846608,0.00025901152796688117
validacion,lightgbm_31,24,1584,52.60438010613648,142.26794862146141,0.09638381543075894,0.34243336101669586,0.007357640857094141
validacion,lightgbm_31,25,1584,37.76337152455514,122.78067728307096,0.1670928198352038,0.41429165775737054,-0.07951165190295811
validacion,lightgbm_31,26,1584,29.22136854998032,88.04136132243084,0.1873657919758736,0.4658735043939509,-0.027159619781528022
validacion,lightgbm_31,27,1584,50.98180173375421,148.28117613447787,0.10918758436728848,0.37505726305132847,-0.024693606483030036
validacion,lightgbm_31,28,1584,60.94180393883741,177.1436065630163,0.13544650031143124,0.43838320873290504,-0.0012312896096687647
validacion,lightgbm_31,29,1584,49.76080115681192,153.04498964008548,0.133720835603467,0.41372202202135044,-0.013192572224541416
validacion,lightgbm_31,30,1584,59.393271939505965,339.62617584975993,0.295540538060324,0.45941964612427433,-0.08733999512133758
validacion,lightgbm_31,31,1584,64.78081454300012,256.83555399101806,0.15582165515154114,0.4276860569805112,-0.04318705289319448
validacion,lightgbm_31,32,1584,42.781711969481286,303.05429413896223,0.3093411248611094,0.5312000613560227,-0.08559506778460052
validacion,lightgbm_31,33,1584,49.44674830599151,209.13197183659446,0.16569625610832253,0.42039121520837214,-0.019704541197889187
validacion,lightgbm_31,34,1584,36.47946651870627,109.71874859566978,0.11559906664420967,0.4384947078098582,0.007717687914610585
validacion,lightgbm_31,35,1584,25.36341942122963,77.40475452130536,0.16297104146694227,0.45425439044113974,0.007078423368501254
validacion,lightgbm_31,36,1584,49.71714318832348,158.2273585087427,0.14731872009544728,0.4348240056937364,-0.008457939046845789
validacion,lightgbm_31,37,1584,45.971264632234586,138.20635472464588,0.10834709098501738,0.3363361729572852,-0.0007014872907311783
validacion,lightgbm_31,38,1584,74.42641943965756,393.4114101975121,0.17915065782683418,0.36549671201022194,-0.04564901280267686
validacion,lightgbm_31,39,1584,99.43969426714443,391.65779987770236,0.19680793600453156,0.41149155294916623,-0.026342244595306596
validacion,lightgbm_31,40,1584,87.91359216642506,340.7383716678551,0.18699483745733217,0.411145209873651,-0.05439607129435561
validacion,lightgbm_31,41,1584,75.28410907172251,266.67881624182104,0.17900633126329057,0.39816115057731594,-0.049231435978603334
validacion,lightgbm_31,42,1584,45.294105893500394,140.24004240261726,0.11321681268092926,0.34471655323235584,0.003962046737318489
validacion,lightgbm_31,43,1584,65.695978112345,243.52442406935887,0.1413558897871611,0.439961600860894,-0.06601309179782443
validacion,lightgbm_31,44,1584,129.5076254025933,414.62685822924874,0.09395124307650547,0.32311059425467276,-0.020021693983937973
validacion,lightgbm_31,45,1584,118.4340509384156,387.15360341249345,0.09430393571841966,0.41357336399124933,-0.030798653147869448
validacion,lightgbm_31,46,1584,112.28305660022866,384.0341828000218,0.1206837278007811,0.34448889735286353,-0.02398169133703994
validacion,lightgbm_31,47,1584,120.93103965771107,412.98716454023184,0.10406062024780784,0.3351803097269558,-0.020500720968480903
validacion,lightgbm_31,48,1584,102.88767195551716,375.0723424436811,0.13585224106380872,0.3438263859540883,-0.04691523691510279
validacion,lightgbm_31,49,1584,106.75696022652313,312.60060140018425,0.09995975511872271,0.3651216129645069,0.032640185041978964
validacion,lightgbm_31,50,1584,71.03633864895795,202.07971583930288,0.10913236656539964,0.38401816936745287,-0.0417112534824028
validacion,lightgbm_31,51,1584,75.52500852287437,233.9592284728466,0.1033197098844194,0.39369959287884676,-0.005588542706994985
validacion,lightgbm_31,52,1584,70.79448006765413,209.2540207322518,0.10525492547826434,0.4078129146011498,-0.019806157029033506
validacion,lightgbm_31,53,1584,42.12295660498411,122.05342550833628,0.1170060566697435,0.40083096978557264,-0.030435626568862367
validacion,lightgbm_31,54,1584,77.9140027318057,471.94173266400975,0.25615791648192837,0.41936960697459524,-0.07495851967827295
validacion,lightgbm_63,1,1584,35.00417868264568,99.64272491487758,0.1077090157302754,0.3694061213375369,0.017077589146144944
validacion,lightgbm_63,2,1584,39.00625912833428,101.76092539001381,0.08447844457620957,0.34247262902250086,0.010711181844824549
validacion,lightgbm_63,3,1584,90.138035347535,276.5915485590856,0.08037223747760733,0.30323782741276717,0.0068429322482610805
validacion,lightgbm_63,4,1584,35.34184033942258,95.63651368087699,0.09023578663011904,0.3490304450880385,0.008180395067763878
validacion,lightgbm_63,5,1584,36.04476553950714,101.18360262776739,0.1165608881814836,0.38662985832466074,-0.012700997490045312
validacion,lightgbm_63,6,1584,46.3143014101566,128.49066717859594,0.08578730860264375,0.31824540202202056,0.011875230538296122
validacion,lightgbm_63,7,1584,57.38158292066696,147.52828475406594,0.09421736017351454,0.33506875447627144,0.04733132130197653
validacion,lightgbm_63,8,1584,56.94213404681137,157.3340702924189,0.08415028994155321,0.30760805190563495,0.01622561935385696
validacion,lightgbm_63,9,1584,68.41571024427354,240.23334126326105,0.12866112195746626,0.40330427697093607,0.015884628855430676
validacion,lightgbm_63,10,1584,28.498088022919887,104.2568765970911,0.1532786122199145,0.4610128293053626,-0.013496995622459882
validacion,lightgbm_63,11,1584,91.17836561782057,297.5903659439119,0.15568017525134548,0.41541004780974405,-0.015156119203022555
validacion,lightgbm_63,12,1584,29.510384492037424,114.60569100060025,0.12634715482794565,0.4856618529106776,-0.012465674916796059
validacion,lightgbm_63,13,1584,36.666158700645425,124.51121670354154,0.184187722833155,0.4480709860651175,0.02813628467109224
validacion,lightgbm_63,14,1584,43.82303054875937,179.14675693351487,0.18380534669047993,0.4508622455983506,-0.004310682734002407
validacion,lightgbm_63,15,1584,29.49183632871112,81.64456805300995,0.12755670644464867,0.4217983770959264,0.03170850763242563
validacion,lightgbm_63,16,1584,48.14787103362066,207.79527894223256,0.24944012670095808,0.48405579663645854,0.013415290847933671
validacion,lightgbm_63,17,1584,45.81632257461034,152.9797498441875,0.10867437497031278,0.3886087524897195,0.004489642253891467
validacion,lightgbm_63,18,1584,38.6718573433321,109.83809312588255,0.12000172309343715,0.44459021746046773,0.028583979110353593
validacion,lightgbm_63,19,1584,34.54463969934323,107.0235691261223,0.12486467778788309,0.44548268057293156,-0.01954579667374387
validacion,lightgbm_63,20,1584,74.43841631512869,283.81418555053455,0.16122327515150556,0.4162577292594583,-0.0420564479896835
validacion,lightgbm_63,21,1584,61.759992579084916,213.1686190997088,0.15686558501093817,0.4546115674044441,-0.03909741873939753
validacion,lightgbm_63,22,1584,35.399536640794416,107.82180883570246,0.17329624440622673,0.4600689859142147,-0.03890599999043833
validacion,lightgbm_63,23,1584,30.6955799382309,79.331772235912,0.12305201296899493,0.4076295870430531,-0.0036708290385829945
validacion,lightgbm_63,24,1584,51.85342976619886,137.4931188950668,0.09500789466491819,0.3439898378623239,0.00446592745035353
validacion,lightgbm_63,25,1584,37.30148802502294,122.36493651163588,0.16504910887253182,0.42034362795038177,-0.08832018560224943
validacion,lightgbm_63,26,1584,29.257251462710794,86.8290739068905,0.1875958712191044,0.46166353014221184,-0.04913250645836326
validacion,lightgbm_63,27,1584,50.78414487675192,149.59160937736112,0.10876426322100144,0.37664278839390286,-0.024483932895083407
validacion,lightgbm_63,28,1584,58.26524557998875,171.0154383352287,0.12949770261996146,0.42842834985138595,-0.0023512297596854637
validacion,lightgbm_63,29,1584,48.96711656241737,150.02448564747473,0.13158798877020192,0.40537220535835006,-0.008987046457238286
validacion,lightgbm_63,30,1584,56.353911683277545,341.9455070146914,0.2804167010304359,0.45966445327371425,-0.11858371188324612
validacion,lightgbm_63,31,1584,61.68278806370562,252.65770610454214,0.14836976345934055,0.4263651324599851,-0.044809095153240976
validacion,lightgbm_63,32,1584,41.0674207752688,303.3053397718558,0.29694562356056586,0.4604393419185008,-0.11183344581285076
validacion,lightgbm_63,33,1584,47.41352789431193,207.3866504998816,0.15888292618066974,0.4224627399994378,-0.02424645730700292
validacion,lightgbm_63,34,1584,35.17465785021145,103.89141445375657,0.11146428402204804,0.4375653746778912,0.005195319110348726
validacion,lightgbm_63,35,1584,25.310324426902923,75.986314703603,0.16262988295127062,0.4418884959385387,0.005592940811725224
validacion,lightgbm_63,36,1584,47.17801970500466,151.2017053992266,0.13979494866091574,0.43250726763490394,-0.012886837156307042
validacion,lightgbm_63,37,1584,43.89947640434599,132.66473313117316,0.103464209702014,0.34337724625649557,-0.002597079276595624
validacion,lightgbm_63,38,1584,69.43851061735256,386.7125629595368,0.16714434134105052,0.3653708472754217,-0.06272889564885734
validacion,lightgbm_63,39,1584,99.58224272322741,393.8341320484463,0.1970900634550339,0.4126649249644645,-0.02811673838025341
validacion,lightgbm_63,40,1584,86.7027170560216,339.7175607955493,0.1844192699157126,0.4117867207999678,-0.05826659120298931
validacion,lightgbm_63,41,1584,73.15989960927946,264.53158086569744,0.1739555051673818,0.42220861509323054,-0.06473451306039643
validacion,lightgbm_63,42,1584,44.517860989788296,137.3395736535344,0.11127651665069656,0.3490510564147867,-0.001370581018966971
validacion,lightgbm_63,43,1584,63.289765704401674,228.4138972925031,0.13617852116103174,0.47003576844347233,-0.057028160082511596
validacion,lightgbm_63,44,1584,127.94534386224267,398.21868182829985,0.09281788670235268,0.321242683095669,-0.01421896329107711
validacion,lightgbm_63,45,1584,114.69568576298612,384.09241670615955,0.09132723648030107,0.39501212559190724,-0.0341461137722875
validacion,lightgbm_63,46,1584,108.41007763261801,363.3392534772602,0.11652098451913515,0.3484433607819478,-0.023638443555677662
validacion,lightgbm_63,47,1584,116.02208175043765,402.40404069479007,0.09983648386357491,0.3321703899669858,-0.02117545150228241
validacion,lightgbm_63,48,1584,98.21634985838281,358.3900872874651,0.12968425646891032,0.3425581871262217,-0.04500552750339619
validacion,lightgbm_63,49,1584,101.44439228173151,301.97611286691324,0.09498543784998305,0.340540115905945,0.023441787469255196
validacion,lightgbm_63,50,1584,70.13049293924831,202.28052947744257,0.10774072549937774,0.37319471614272215,-0.03842067422290602
validacion,lightgbm_63,51,1584,73.18875293591641,227.33215856396356,0.10012366589605964,0.38352063794762775,-0.012899408264632484
validacion,lightgbm_63,52,1584,72.89950280335313,216.81566951942227,0.10838460467026229,0.37664527344967785,-0.030866097348077912
validacion,lightgbm_63,53,1584,42.216907064705985,120.56951725906306,0.11726702535998651,0.41199844985812223,-0.03411585338115521
validacion,lightgbm_63,54,1584,77.85504303065092,482.4115597056092,0.25596407463483195,0.4366658333027151,-0.09718565827557576
validacion,ridge,1,1584,55.96594037130625,124.88100903884842,0.1722090498527038,1.4856173405169926,0.045766526453620414
validacion,ridge,2,1584,66.34623815555766,167.79759886787562,0.1436904519457728,1.4554530592509016,0.05763741051277418
validacion,ridge,3,1584,112.47665654288397,293.2980170235049,0.10029063220090656,1.378161304924823,0.025117337663584465
validacion,ridge,4,1584,51.098012000021306,112.33143942017375,0.1304648898805058,1.4407834762725866,0.03755101989772387
validacion,ridge,5,1584,48.5256541788277,105.50318036963564,0.1569213522688104,1.4809649545001098,0.013289877680196944
validacion,ridge,6,1584,63.986352898255745,150.45962560551874,0.11852099319879977,1.4265184077935875,0.038911308414089525
validacion,ridge,7,1584,79.98471581092988,179.96023493345177,0.13133044427082863,1.4189453483556997,0.07448325780959593
validacion,ridge,8,1584,76.60594128960311,178.2251728193824,0.11320988014720691,1.546179195494178,0.028678713537446204
validacion,ridge,9,1584,94.50073010451865,275.23877076829444,0.17771605260890735,1.426902962305574,0.07523177463852068
validacion,ridge,10,1584,43.24507115224395,123.76634513322587,0.23259611263170835,1.310159411098049,0.06348393538025981
validacion,ridge,11,1584,109.44164935025302,296.87789391685,0.18686335333163373,1.501639251809485,0.045867639252770744
validacion,ridge,12,1584,50.65195041955119,136.99385091182188,0.21686365434253335,1.5316209224757487,0.06670464568118864
validacion,ridge,13,1584,57.45917384552233,159.21688285302474,0.28863875468620714,1.4997481939599622,0.11479876164200066
validacion,ridge,14,1584,62.465316428078545,205.44619817820472,0.2619960098245316,1.4872236686849511,0.06295737869670263
validacion,ridge,15,1584,50.7345820436574,116.98839343507731,0.21943483329434224,1.5213108481075213,0.10688112331634132
validacion,ridge,16,1584,65.25350123884702,220.75598621276876,0.33805942541744666,1.4556079731630356,0.0978934014441374
validacion,ridge,17,1584,64.06705387192544,173.39387799908414,0.15196433594998252,1.4078813007801565,0.03663071276298905
validacion,ridge,18,1584,66.5466229278933,157.3699590723352,0.20649924689415888,1.3814356270691899,0.10288124542582991
validacion,ridge,19,1584,51.20159303299104,127.09582301514781,0.18507271958642824,1.5114913733114481,0.030929670616140853
validacion,ridge,20,1584,96.12174027842103,314.8257144087462,0.20818634447224046,1.389739046707674,0.05591393109126574
validacion,ridge,21,1584,86.10479759929156,247.91031304486927,0.2186994992003191,1.3265579722379655,0.05018926234885298
validacion,ridge,22,1584,53.77810261466286,130.23998899789936,0.2632673785812755,1.454442974784919,0.07685048269551589
validacion,ridge,23,1584,42.48939908273292,88.04719720502702,0.17033091075309345,1.4569814315273226,0.03564920296261434
validacion,ridge,24,1584,69.32226418756476,161.09531696019673,0.12701498056275218,1.4007423030587343,0.039226295412474674
validacion,ridge,25,1584,51.25594446755419,126.60507618610227,0.22679384675256783,1.326977455317978,0.06638653877624964
validacion,ridge,26,1584,44.11173523315276,105.77434347547468,0.2828419960294872,1.3975453253991117,0.06467912439993893
validacion,ridge,27,1584,66.28425160110599,163.05802357379127,0.14196079910464524,1.3600015666984293,-0.0010892893188408168
validacion,ridge,28,1584,80.60520041590989,210.60296505932243,0.1791494770025804,1.3660154656458865,0.0418085069763779
validacion,ridge,29,1584,65.53285312291348,170.0995030031742,0.17610463809575644,1.410794656714435,0.015446655989784038
validacion,ridge,30,1584,77.68568404395171,354.56399172012834,0.3865634626985797,1.420740879089341,-0.02198414914641448
validacion,ridge,31,1584,81.75443619911117,265.86005907452284,0.1966494502175582,1.366506966090503,-0.004021504780386616
validacion,ridge,32,1584,60.64083136091329,314.97882126996865,0.4384748090277322,1.4197140074711099,0.014330791033346751
validacion,ridge,33,1584,66.3502688901593,234.21645075453353,0.22234002282305282,1.3425165725676993,0.027444314611449024
validacion,ridge,34,1584,53.43488496361357,128.33445947512652,0.16932875991667623,1.4303509027048813,0.044649567141362353
validacion,ridge,35,1584,41.29645837135989,103.37101335022997,0.2653477718403976,1.3459946330822317,0.11233858163683025
validacion,ridge,36,1584,64.13079626512045,173.34470847866646,0.1900283527694388,1.3372442046821376,0.033253263541192894
validacion,ridge,37,1584,60.313105903189594,141.28357317490912,0.14214857096404027,1.478419562774098,0.012446160917136295
validacion,ridge,38,1584,94.59242488639524,425.47287616864713,0.22769193078773045,1.4885572344967635,-0.024509609425830213
validacion,ridge,39,1584,127.29061984925559,415.6215516226014,0.2519296177436734,1.5064168907234368,0.040899536519089334
validacion,ridge,40,1584,104.43351333309906,344.0194206806881,0.22213320340559467,1.4393446245407757,-0.007028885643451442
validacion,ridge,41,1584,93.34049795853971,276.43569954173086,0.22193979983118053,1.539085744209126,-0.02279687980583416
validacion,ridge,42,1584,68.14283879688291,167.12077761979307,0.17032933675197076,1.4856926016787866,0.05625702982433546
validacion,ridge,43,1584,73.42696601935107,224.2194418281049,0.1579904038918118,1.3325166002180198,-0.012744758730635453
validacion,ridge,44,1584,146.98905887507428,432.257554396907,0.10663314038095509,1.2977951270404522,0.014004898247367297
validacion,ridge,45,1584,142.15186501151385,409.4354779019054,0.1131894099212225,1.3427924785973275,0.013809217034773717
validacion,ridge,46,1584,131.98844037031887,401.244456735175,0.1418634074704086,1.4845866977971727,0.02893545004250207
validacion,ridge,47,1584,150.89195338403337,445.52343540256635,0.12984185287738573,1.422555204474698,0.012627286045909708
validacion,ridge,48,1584,117.51575313794493,368.0464082192659,0.15516706832470079,1.4767425954675162,0.010292720259230309
validacion,ridge,49,1584,132.5897018933537,339.8769981102068,0.12414772867644179,1.3333625016328277,0.05245667359100415
validacion,ridge,50,1584,76.69183854623274,198.27617188321565,0.11782085051091934,1.415126022998402,-0.009700939685755958
validacion,ridge,51,1584,88.48359960618646,223.4969272616968,0.12104731955205841,1.380993251364159,0.005644250566151908
validacion,ridge,52,1584,91.80893058698587,224.49792808423788,0.13649852556212932,1.4162688324816293,0.021478416406976834
validacion,ridge,53,1584,53.59575801305097,129.65577327296245,0.148874362218698,1.3556828400764596,0.00026218267860441937
validacion,ridge,54,1584,96.92736212653342,483.36219665479956,0.3186681502924084,1.4924792453513924,-0.041030176525165676
